num_shots,launch_velo_mean,launch_velo_std,launch_velo_inconsistency_zscore,launch_velo_inconsistency_percentile,launch_velo_consistency_percentile,launch_angle_mean,launch_angle_std,launch_angle_inconsistency_zscore,launch_angle_inconsistency_percentile,launch_angle_consistency_percentile,launch_distance_inconsistency_zscore,launch_distance_inconsistency_percentile,launch_distance_consistency_percentile,dist_from_sweet_mean,dist_from_sweet_std,shooting_percentage,shooting_percentage_zscore,shooting_percentage_percentile,command,command_zscore,command_percentile,inconsistency_score,inconsistency_score_percentile,consistency_score_percentile
709,14.89810271,0.278654144,0.405986979,53.8658101,46.1341899,50.62681847,1.426887139,-0.604258267,24.59400228,75.40599772,0.370130714,45.75975873,54.24024127,0.421517584,0.231540715,0.763046544,-0.188767739,64.01377096,0.675253964,-0.741699857,52.73271162,-0.198271288,45.62914428,54.37085572
133,15.04580786,0.244456211,-0.629661132,37.8916836,62.1083164,52.05773205,1.527011709,-0.242961044,30.48415801,69.51584199,-0.818610647,27.51823624,72.48176376,0.34984973,0.206046014,0.879699248,1.276297399,89.26214675,0.711228961,0.709837577,76.59727004,-0.872622176,38.64872168,61.35127832
108,15.29928101,0.307973951,1.293906208,67.56132496,32.43867504,51.11471673,1.271764321,-1.164015409,15.46839451,84.53160549,0.580524742,48.98830575,51.01169425,0.392867016,0.193903943,0.833333333,0.693978403,79.22668248,0.695355523,0.069368043,66.06738479,0.129890799,49.02605542,50.97394458
758,14.74094556,0.296596744,0.949359555,62.2469409,37.7530591,48.14970078,1.668614905,0.268010849,38.81442971,61.18557029,1.663289634,65.6035938,34.3964062,0.360889479,0.19191941,0.845646438,0.8486212,81.89173767,0.709850567,0.654221429,75.6828914,1.217370404,60.28290604,39.71709396
198,14.95833027,0.210027756,-1.672290367,21.80987828,78.19012172,53.43208742,1.151141705,-1.599279361,8.372374103,91.6276259,-1.95582122,10.06746611,89.93253389,0.336910472,0.183604162,0.909090909,1.645433274,95.62369413,0.722704455,1.17285666,84.20971301,-3.271569728,13.81644519,86.18355481
170,14.83249639,0.321509743,1.703823295,73.88400091,26.11599909,48.74452251,1.647397008,0.191446555,37.56621745,62.43378255,1.99507794,70.69496527,29.30503473,0.385204107,0.215614212,0.823529412,0.570848949,77.10471626,0.693749375,0.004562372,65.00192228,1.895269849,67.30006089,32.69993911
354,14.90899434,0.236359004,-0.874876471,34.10941353,65.89058647,51.81624174,1.516598303,-0.280537582,29.87155529,70.12844471,-1.612962743,15.32871202,84.67128798,0.479773046,0.283065901,0.675141243,-1.29278838,44.98749882,0.642238735,-2.073815092,30.83155971,-1.155414053,35.72145215,64.27854785
129,14.58651279,0.242243974,-0.696656372,36.85833025,63.14166975,45.37347322,1.457935265,-0.492221814,26.42050996,73.57949004,-0.672084893,29.76670922,70.23329078,0.344875781,0.174461023,0.76744186,-0.133566067,64.9650956,0.721244772,1.113960602,83.24140976,-1.188878186,35.37505416,64.62494584
106,15.18646473,0.280217519,0.453332123,54.59607486,45.40392514,54.38079434,1.041593999,-1.994579756,1.927871505,98.07212849,-0.154317523,37.71197421,62.28802579,0.422640665,0.244600094,0.773584906,-0.056414307,66.2946997,0.67189948,-0.877048281,50.50746389,-1.541247634,31.72756485,68.27243515
250,14.44486044,0.252107129,-0.397961209,41.4654881,58.5345119,46.19689722,1.732372544,0.498078833,42.56518162,57.43481838,0.09192227,41.49058315,58.50941685,0.367598408,0.22218055,0.832,0.677232797,78.93809507,0.699532457,0.237901117,68.83821749,0.100117624,48.71786372,51.28213628
107,14.23977951,0.377419729,3.396997886,100,0,46.96491001,2.053617284,1.657283136,61.46345553,38.53654447,0.828942698,52.80033912,47.19966088,0.554451796,0.325377272,0.46728972,-3.903238126,0,0.608689353,-3.427482585,8.576069637,5.054281022,100,0
874,14.46167215,0.191187865,-2.242836445,13.00961579,86.99038421,45.55376951,1.763912945,0.61189165,44.42064902,55.57935098,-1.159861231,22.28166383,77.71833617,0.312751225,0.163982608,0.875286041,1.220871032,88.3069498,0.739025106,1.831370558,95.03626355,-1.630944795,30.79908073,69.20091927
580,15.07305645,0.23724745,-0.847970797,34.52441418,65.47558582,50.85764228,1.112866861,-1.737393261,6.120731059,93.87926894,-0.716607192,29.08350382,70.91649618,0.31100254,0.16462427,0.929310345,1.899373298,100,0.739707363,1.858898625,95.48884931,-2.585364058,20.91958045,79.08041955
1002,14.89152214,0.236373019,-0.874452024,34.11596032,65.88403968,49.47565698,1.385674353,-0.752973663,22.16952516,77.83047484,-0.212436799,36.82011992,63.17988008,0.396492357,0.226033529,0.852295409,0.932126987,83.33084468,0.686626421,-0.282838197,60.27680289,-1.627425688,30.83550814,69.16449186
142,15.02425541,0.258236794,-0.212330801,44.32870351,55.67129649,51.64590735,1.351111067,-0.87769449,20.13622669,79.86377331,-0.506710469,32.30441959,67.69558041,0.349202687,0.215095629,0.873239437,1.195167307,87.86398157,0.709153231,0.626084981,75.22030332,-1.090025291,36.39831223,63.60168777
118,15.123127,0.285659655,0.618141439,57.13813992,42.86186008,56.24874561,1.645406456,0.184263695,37.44911674,62.55088326,0.137104468,42.18391485,57.81608515,0.421026041,0.217773843,0.737288136,-0.512272858,58.43860669,0.678420044,-0.613953259,54.8329786,0.802405134,55.98746727,44.01253273
380,14.80905004,0.295347698,0.911533544,61.6635019,38.3364981,49.87201258,1.44712135,-0.53124358,25.78434598,74.21565402,0.9281582,54.32282489,45.67717511,0.346781711,0.19372135,0.881578947,1.299904926,89.6689899,0.715705751,0.890469373,79.56701641,0.380289963,51.61801758,48.38198242
403,15.01285859,0.263931268,-0.0398797,46.98863758,53.01136242,49.46881482,1.278608351,-1.139318884,15.87101696,84.12898304,0.551928188,48.54948475,51.45051525,0.305521973,0.165664868,0.908188586,1.634100809,95.42839474,0.742089455,1.955012492,97.06904624,-1.179198585,35.47525083,64.52474917
354,14.85143436,0.263719834,-0.046282748,46.88987518,53.11012482,47.74973308,1.530718455,-0.229585335,30.70221949,69.29778051,0.33268778,45.18518789,54.81481211,0.387619109,0.217696024,0.830508475,0.658500424,78.61526848,0.692248788,-0.05598408,64.00648509,-0.275868083,44.82591493,55.17408507
203,14.7303555,0.288049759,0.690523188,58.25457629,41.74542371,48.75342975,1.514218286,-0.28912582,29.73154298,70.26845702,1.440335272,62.18230542,37.81769458,0.298444727,0.161984775,0.926108374,1.859159097,99.30696374,0.746507767,2.133284767,100,0.401397368,51.83650711,48.16349289
214,14.73461918,0.225234646,-1.211765823,28.91313783,71.08686217,49.21399021,1.167671129,-1.539633313,9.3447716,90.6552284,-1.017467709,24.46672672,75.53327328,0.340643494,0.19537543,0.845794393,0.850479391,81.92376103,0.718032183,0.984337428,81.11029021,-2.751399135,19.20089805,80.79910195
400,14.26944844,0.290818091,0.774359193,59.5476863,40.4523137,45.06466601,1.757150767,0.587490485,44.02284177,55.97715823,1.393781502,61.46792661,38.53207339,0.344164007,0.189166366,0.86,1.028890517,84.99843058,0.718016934,0.983722187,81.10017511,1.361849678,61.77845741,38.22154259
269,14.53135852,0.23556787,-0.898835108,33.73986881,66.26013119,48.19502005,1.28487715,-1.116698065,16.23979961,83.76020039,-0.928014163,25.83941293,74.16058707,0.395035404,0.216969751,0.817843866,0.49944302,75.87413363,0.689323264,-0.174024592,62.06579474,-2.015533173,26.81808293,73.18191707
364,14.41873541,0.275573045,0.312679163,52.42660423,47.57339577,46.46802088,1.695524215,0.365112481,40.39745802,59.60254198,0.631908337,49.7767994,50.2232006,0.31866632,0.182003859,0.876373626,1.234530236,88.54234734,0.731540103,1.529361873,90.07097383,0.677791644,54.69755302,45.30244698
104,15.05645448,0.315306531,1.515965612,70.9864314,29.0135686,49.20766939,1.44160167,-0.551161219,25.45963274,74.54036726,1.925847366,69.63260543,30.36739457,0.350305416,0.203546166,0.798076923,0.251185943,71.59576552,0.711668791,0.727584084,76.8890383,0.964804393,57.66851416,42.33148584
823,14.68128022,0.260173253,-0.153687212,45.23323864,54.76676136,46.70788691,1.42767843,-0.601402912,24.64055254,75.35944746,0.229742452,43.60546704,56.39453296,0.314609339,0.184886605,0.849331713,0.894905324,82.68938069,0.732646991,1.574023153,90.80524475,-0.755090124,39.86533369,60.13466631
145,14.98748727,0.312683552,1.436531478,69.76121708,30.23878292,45.54844251,1.755797601,0.582607616,43.94323733,56.05676267,2.357313835,76.25356232,23.74643768,0.359619732,0.208496496,0.786206897,0.102107855,69.0266104,0.706369954,0.513783893,73.37397418,2.019139094,68.58227123,31.41772877
857,14.49263605,0.259198291,-0.183212877,44.77782652,55.22217348,46.09013071,1.514844682,-0.286865482,29.76839282,70.23160718,0.373673765,45.81412769,54.18587231,0.353147762,0.202472314,0.802800467,0.310509893,72.61813192,0.71069521,0.688301541,76.24319856,-0.470078358,42.81558201,57.18441799
265,14.64718538,0.260890558,-0.131964389,45.56829755,54.43170245,48.20924782,1.597655292,0.01195471,34.63999812,65.36000188,0.34758371,45.41376952,54.58623048,0.400383886,0.207884536,0.80754717,0.370124707,73.64551096,0.689115525,-0.182406559,61.9279878,-0.120009679,46.43925533,53.56074467
856,14.98247751,0.284829862,0.593012045,56.7505371,43.2494629,50.29951356,1.129315741,-1.678037855,7.088390259,92.91160974,0.513576936,47.96097555,52.03902445,0.333145227,0.182732634,0.918224299,1.760141385,97.60053012,0.724653603,1.251501857,85.50270956,-1.085025811,36.45006345,63.54993655
296,14.81752517,0.33133208,2.001282351,78.4720927,21.5279073,50.83662431,1.489995198,-0.37653428,28.3065405,71.6934595,1.729128813,66.61391186,33.38608814,0.505696493,0.247380804,0.608108108,-2.134671216,30.47880999,0.639810824,-2.171777686,29.22096808,1.624748071,64.49980309,35.50019691
373,14.856684,0.239686298,-0.774112899,35.66361909,64.33638091,47.30822193,1.419881025,-0.629539668,24.18184468,75.81815532,-0.327902088,35.04827726,64.95172274,0.356975292,0.213710399,0.804289544,0.329211522,72.94042868,0.706186222,0.506370612,73.25209329,-1.403652567,33.15185558,66.84814442
208,14.35686673,0.247474889,-0.538243664,39.30173222,60.69826778,46.06905977,1.734096365,0.504299202,42.66659105,57.33340895,-0.869170227,26.74238731,73.25761269,0.387852332,0.214150886,0.697115385,-1.016810645,49.74359421,0.692978453,-0.026543184,64.49051944,-0.033944462,47.33014402,52.66985598
202,14.71183648,0.282987982,0.53723266,55.89018024,44.10981976,47.58490443,1.535093461,-0.213798229,30.95959351,69.04040649,1.453828371,62.38936027,37.61063973,0.337438133,0.201971696,0.841584158,0.7976022,81.01249563,0.717738747,0.972497722,80.91563498,0.323434431,51.02948771,48.97051229
297,15.10976192,0.223133863,-1.275385801,27.93184545,72.06815455,48.62931659,1.339046884,-0.921227817,19.42651163,80.57348837,-0.188912474,37.18110637,62.81889363,0.367882028,0.197079413,0.767676768,-0.130615819,65.01593904,0.705544145,0.480463728,72.82616122,-2.196613619,24.94366108,75.05633892
410,15.0149363,0.269039255,0.114810264,49.37461891,50.62538109,50.18860827,1.399940347,-0.701495148,23.00876902,76.99123098,0.474282401,47.35799144,52.64200856,0.354408917,0.2134826,0.836585366,0.734821343,79.9305542,0.707343815,0.553077739,74.01999974,-0.586684884,41.60855042,58.39144958
274,14.85382484,0.23264843,-0.987247256,32.37617508,67.62382492,46.53699549,1.136940094,-1.65052555,7.536917817,92.46308218,-0.410507011,33.78068482,66.21931518,0.339534542,0.186843292,0.821167883,0.541190029,76.59358572,0.720695341,1.091791883,82.87693643,-2.637772806,20.37708067,79.62291933
194,14.7963369,0.277463021,0.369915064,53.30942678,46.69057322,50.74597558,1.434406949,-0.577123206,25.0363797,74.9636203,0.37038086,45.76359727,54.23640273,0.334555295,0.18862708,0.87628866,1.233463124,88.52395713,0.722508403,1.164946232,84.07965859,-0.207208142,45.53663603,54.46336397
221,14.16711291,0.269110547,0.116969267,49.40791997,50.59208003,44.30087432,1.881453619,1.036034484,51.33536409,48.66463591,0.287963395,44.49888143,55.50111857,0.388631961,0.220773761,0.669683258,-1.361336329,43.80616952,0.691102712,-0.102226537,63.24621822,1.153003751,59.61662614,40.38337386
641,14.2262618,0.261329451,-0.118672978,45.773308,54.226692,50.67025557,1.718654716,0.448578365,41.75818548,58.24181452,-1.330656407,19.66077073,80.33922927,0.467649057,0.285825603,0.658346334,-1.503719074,41.3523994,0.645961362,-1.923612665,33.30102038,0.329905387,51.09647066,48.90352934
295,14.57444037,0.294612552,0.889270415,61.32010917,38.67989083,48.26841982,1.533025514,-0.221260366,30.83793979,69.16206021,0.792349467,52.23880718,47.76119282,0.332627725,0.196969117,0.857627119,0.999089016,84.48484282,0.721202998,1.112275102,83.21369865,0.668010049,54.59630059,45.40369941
1377,14.25558166,0.278293832,0.395075306,53.6975054,46.3024946,41.22885408,1.738125956,0.518839891,42.90364498,57.09635502,0.632649103,49.78816663,50.21183337,0.441477435,0.270856133,0.652142338,-1.581636321,40.00960319,0.65878609,-1.406154028,41.80849774,0.913915197,57.14174374,42.85825626
361,14.84470235,0.241282039,-0.725787561,36.40900264,63.59099736,50.55481752,1.213783649,-1.37323734,12.05749157,87.94250843,-0.693368882,29.44010128,70.55989872,0.385675536,0.2091501,0.833795014,0.699776743,79.32660886,0.69505449,0.057221811,65.86768999,-2.099024901,25.95383324,74.04616676
315,14.86746655,0.266641371,0.042192888,48.25454817,51.74545183,51.24719021,1.516370831,-0.281358408,29.85817353,70.14182647,-0.111517033,38.36875804,61.63124196,0.361381589,0.207929192,0.847619048,0.873395607,82.31869039,0.705750822,0.48880284,72.96326359,-0.23916552,45.20583495,54.79416505
426,14.66768986,0.259753861,-0.166388056,45.03733727,54.96266273,50.8476954,1.421091544,-0.62517154,24.2530574,75.7469426,-0.498502097,32.43037903,67.56962097,0.390650261,0.228446417,0.795774648,0.222271199,71.0974598,0.68844766,-0.209353933,61.48494915,-0.791559595,39.48782648,60.51217352
449,14.96822092,0.302629175,1.132045329,65.06473744,34.93526256,48.94481301,1.60953595,0.054825793,35.33891674,64.66108326,1.435745458,62.11187361,37.88812639,0.340896486,0.193311708,0.821826281,0.549458977,76.73608962,0.718446223,1.001043346,81.38495027,1.186871122,59.96719818,40.03280182
423,14.24137994,0.28269077,0.528231894,55.75134992,44.24865008,47.41441793,1.741046762,0.52937955,43.0754709,56.9245291,-0.527915945,31.97901645,68.02098355,0.422518533,0.228285681,0.713947991,-0.805406508,53.38685276,0.675563366,-0.729215965,52.93795783,1.057611444,58.62918974,41.37081026
117,14.9271785,0.23388615,-0.949764224,32.95432386,67.04567614,53.30605383,1.307308032,-1.035756742,17.55936967,82.44063033,-0.859273351,26.89425726,73.10574274,0.452292101,0.26440735,0.760683761,-0.218442423,63.50236874,0.656207675,-1.510189197,40.09806762,-1.985520966,27.12874892,72.87125108
200,14.13680654,0.311553724,1.402315844,69.23346555,30.76653445,45.46942626,2.293521884,2.522973401,75.57662929,24.42337071,1.836102696,68.25545185,31.74454815,0.418534087,0.224017813,0.72,-0.729398085,54.69675304,0.678096915,-0.626991044,54.6186259,3.925289245,88.31344356,11.68655644
127,14.83243368,0.325336931,1.819725634,75.67171105,24.32828895,50.54968423,1.65336576,0.21298466,37.91734884,62.08265116,1.245438431,59.19156645,40.80843355,0.447647127,0.235906945,0.692913386,-1.069584407,48.83411127,0.664008865,-1.195422825,45.27310499,2.032710294,68.72275107,31.27724893
615,14.56272226,0.272448968,0.218069802,50.96732295,49.03267705,46.50994344,1.562566997,-0.114660599,32.57581428,67.42418572,0.654217575,50.11914003,49.88085997,0.357954478,0.198372988,0.795121951,0.214073848,70.95618977,0.709598726,0.644060036,75.51582911,0.103409203,48.75193592,51.24806408
429,14.81551556,0.254081413,-0.338172098,42.38769209,57.61230791,45.0338061,1.539945205,-0.19629082,31.24501326,68.75498674,0.285847354,44.46641026,55.53358974,0.360081751,0.198510846,0.75990676,-0.228200934,63.33419426,0.708629002,0.604933139,74.87254835,-0.534462918,42.14911676,57.85088324
599,14.5217893,0.280316142,0.456318815,54.64214244,45.35785756,44.89827895,1.693213326,0.356773692,40.26151242,59.73848758,1.38019876,61.25949616,38.74050384,0.320293769,0.184492591,0.883138564,1.319492473,90.00655425,0.730124715,1.472253078,89.13205477,0.813092507,56.0980957,43.9019043
297,14.67096765,0.293379322,0.851923354,60.74405765,39.25594235,41.54299452,2.143972605,1.983328246,66.77890319,33.22109681,1.113107636,57.16091854,42.83908146,0.455860687,0.26267551,0.599326599,-2.244959978,28.57813537,0.655254372,-1.548653563,39.46567943,2.8352516,77.03011385,22.96988615
223,14.89257532,0.243137661,-0.669592022,37.27577837,62.72422163,46.74156738,1.350385386,-0.880313093,20.09353613,79.90646387,0.41702902,46.47942452,53.52057548,0.301386323,0.157741197,0.914798206,1.717112385,96.8589847,0.746173688,2.119805197,99.77838396,-1.549905115,31.63794849,68.36205151
370,14.69016284,0.312023955,1.416556287,69.45311413,30.54688587,46.48691057,1.885150373,1.049374137,51.55283776,48.44716224,1.790895505,67.56173663,32.43826337,0.483821063,0.27775287,0.645945946,-1.65945808,38.66845257,0.641898192,-2.087555511,30.60565508,2.465930424,73.20715176,26.79284824
112,14.97563184,0.200048848,-1.974491005,17.14865101,82.85134899,46.80343326,1.683671707,0.322342977,39.70019542,60.29980458,-1.457196291,17.71898573,82.28101427,0.323552324,0.167848056,0.8125,0.432328313,74.71750427,0.732870047,1.583023137,90.95321244,-1.652148027,30.57959926,69.42040074
834,14.75308901,0.270885176,0.170712015,50.23686317,49.76313683,47.28095271,1.590328502,-0.014483845,34.20897569,65.79102431,0.388774993,46.04585968,53.95414032,0.376015511,0.226542713,0.806954436,0.362680447,73.51721943,0.694933487,0.052339535,65.78742107,0.15622817,49.29868201,50.70131799
485,14.54439608,0.242762312,-0.680959055,37.10045006,62.89954994,45.84935939,1.447688732,-0.529196193,25.81772412,74.18227588,0.254548608,43.98612347,56.01387653,0.355171809,0.196261701,0.839175258,0.767348325,80.49111183,0.711343709,0.714467515,76.67339031,-1.210155249,35.15480846,64.84519154
132,14.99489766,0.249340177,-0.481755417,40.17302277,59.82697723,49.95495522,1.145250539,-1.620537499,8.025806971,91.97419303,-0.591902063,30.99713406,69.00286594,0.388550445,0.19547914,0.765151515,-0.162330982,64.46937199,0.696887254,0.131171123,67.08348205,-2.102292916,25.92000497,74.07999503
323,15.08684427,0.278434125,0.399323918,53.76303719,46.23696281,52.02817851,1.71200844,0.424595428,41.36719651,58.63280349,-0.059938961,39.16023599,60.83976401,0.384033365,0.21760196,0.829721362,0.64861492,78.44490545,0.693770885,0.005430259,65.0161911,0.823919347,56.2101678,43.7898322
664,14.71367005,0.252553202,-0.384452365,41.67385229,58.32614771,48.00815157,1.287575873,-1.106959787,16.3985608,83.6014392,0.61497241,49.51691352,50.48308648,0.343514425,0.195595739,0.844879518,0.838989296,81.7257451,0.716693204,0.930311653,80.22205872,-1.491412152,32.24342793,67.75657207
103,14.47795731,0.306197546,1.240109655,66.73155187,33.26844813,48.96950021,2.126015073,1.918528901,65.72249253,34.27750747,0.940354629,54.50998204,45.49001796,0.43068264,0.240366287,0.796116505,0.22656465,71.17145151,0.66969481,-0.966003443,49.0449624,3.158638556,80.37759608,19.62240392
406,14.64254247,0.27339415,0.246693647,51.40882514,48.59117486,51.29533658,1.573515232,-0.075154146,33.21988001,66.78011999,-0.62154903,30.54219421,69.45780579,0.440676778,0.248109486,0.753694581,-0.306220955,61.98962688,0.664133395,-1.190398239,45.35571362,0.171539501,49.45717451,50.54282549
890,14.9144442,0.252549079,-0.384577208,41.67192668,58.32807332,50.33258895,1.567781338,-0.095844769,32.88256496,67.11743504,0.152386605,42.41842292,57.58157708,0.347850521,0.189089246,0.892134831,1.432478431,91.9537113,0.716372082,0.917354856,80.00903753,-0.480421977,42.70851189,57.29148811
115,15.10119009,0.232472185,-0.992584638,32.29384981,67.70615019,50.83941254,1.178999735,-1.498754297,10.01121394,89.98878606,-0.007582382,39.9636603,60.0363397,0.351818503,0.189855475,0.895652174,1.476653453,92.71500685,0.714399693,0.837771882,78.70062309,-2.491338935,21.89286469,78.10713531
526,14.76879841,0.324199844,1.785290168,75.14056878,24.85943122,51.10440004,1.540828574,-0.193103204,31.29698032,68.70301968,0.971482187,54.98764191,45.01235809,0.40241717,0.234831693,0.771863118,-0.078038592,65.922035,0.68216344,-0.462912797,57.3162173,1.592186964,64.16275262,35.83724738
144,14.68130416,0.25691903,-0.252237891,43.71316537,56.28683463,47.46898091,1.535090496,-0.213808925,30.95941912,69.04058088,-0.467966861,32.89894958,67.10105042,0.409462214,0.239434484,0.694444444,-1.050355529,49.16549445,0.678274574,-0.619822772,54.73647862,-0.466046816,42.8573138,57.1426862
195,14.75618256,0.304158371,1.178355429,65.77903739,34.22096261,48.22259544,1.811749877,0.784510124,47.23481319,52.76518681,1.51107528,63.26782788,36.73217212,0.386630264,0.228986907,0.805128205,0.339744435,73.12194891,0.68996312,-0.148207364,62.49025278,1.962865553,67.99976573,32.00023427
175,14.76046659,0.243326437,-0.663875132,37.36395729,62.63604271,47.15708371,1.687981093,0.337893297,39.95370915,60.04629085,-0.327647618,35.05218217,64.94781783,0.459411788,0.256297061,0.605714286,-2.16473572,29.96068975,0.655278863,-1.547665389,39.48192588,-0.325981835,44.3071714,55.6928286
296,15.16948725,0.257478157,-0.235305324,43.97433802,56.02566198,51.39664978,1.398968091,-0.705003514,22.95157283,77.04842717,0.263198197,44.11885351,55.88114649,0.337535595,0.185849707,0.858108108,1.005129861,84.58894845,0.721855629,1.138607798,83.64663145,-0.940308838,37.9480753,62.0519247
401,15.03215817,0.269835276,0.1389169,49.74644641,50.25355359,50.73111169,1.50234904,-0.331955721,29.03329575,70.96670425,0.250538166,43.92458227,56.07541773,0.393633304,0.234788336,0.822942643,0.563479605,76.97771579,0.685712595,-0.319709719,59.67060248,-0.193038821,45.68330723,54.31669277
685,14.35702569,0.29036374,0.760599662,59.33545545,40.66454455,50.09344886,1.684543682,0.325489477,39.75149218,60.24850782,0.153072898,42.42895427,57.57104573,0.417814411,0.247101091,0.728467153,-0.623057377,56.52938839,0.673212486,-0.82407047,51.37846593,1.086089139,58.92397151,41.07602849
161,14.86858923,0.286539153,0.644776102,57.54896042,42.45103958,49.85964621,1.624611471,0.109225467,36.22578365,63.77421635,-0.049667972,39.31784679,60.68215321,0.42023108,0.225000963,0.677018634,-1.269209848,45.39384228,0.677196822,-0.663308431,54.02153595,0.754001569,55.48642643,44.51357357
117,14.89388482,0.225447216,-1.205328378,29.01243077,70.98756923,50.19134818,1.233066043,-1.303657262,13.19184155,86.80815845,-1.005814341,24.64555047,75.35444953,0.331419321,0.179534903,0.863247863,1.069681095,85.7013999,0.726256604,1.31618057,86.56608477,-2.50898564,21.71019798,78.28980202
356,14.46607185,0.308693427,1.315694765,67.89739777,32.10260223,44.58977447,1.853367177,0.934685203,49.6830872,50.3169128,1.791765008,67.57507935,32.42492065,0.359310757,0.21174685,0.808988764,0.388229983,73.95753042,0.705685284,0.486158482,72.91978801,2.250379968,70.97591976,29.02408024
340,14.91258184,0.289944013,0.747888681,59.13939771,40.86060229,51.98160506,1.604905638,0.038117418,35.06652348,64.93347652,-0.253652148,36.18766047,63.81233953,0.418464398,0.233681926,0.747058824,-0.389560792,60.55337979,0.675999596,-0.711614721,53.22733784,0.786006099,55.81771559,44.18228441
380,14.51961072,0.278883114,0.412921089,53.97276375,46.02723625,47.09779881,1.701352594,0.386144053,40.7403315,59.2596685,0.965939107,54.90258201,45.09741799,0.389750329,0.198552908,0.802631579,0.308388797,72.58157775,0.695695139,0.083071063,66.29267455,0.799065142,55.95289394,44.04710606
398,15.03323631,0.258830219,-0.194359566,44.60589686,55.39410314,51.81260393,1.317518125,-0.998913855,18.16001184,81.83998816,-0.443369349,33.27640433,66.72359567,0.345364887,0.195637171,0.871859296,1.177833845,87.56526328,0.715857173,0.896579021,79.66746443,-1.193273421,35.32955767,64.67044233
240,14.81379771,0.285769766,0.621476034,57.18957363,42.81042637,47.27734098,1.988063087,1.420732312,57.60701517,42.39298483,-0.338133317,34.89127659,65.10872341,0.440881227,0.259991583,0.625,-1.922522494,34.13490043,0.661449206,-1.298701267,43.57511612,2.042208346,68.82106846,31.17893154
112,14.63128466,0.301954331,1.1116084,64.74951251,35.25048749,46.77906728,1.610863848,0.059617482,35.41703467,64.58296533,0.842852954,53.01379535,46.98620465,0.375820796,0.21926015,0.767857143,-0.128350451,65.05497955,0.696813168,0.128181848,67.03433573,1.171225881,59.80524927,40.19475073
586,14.69227045,0.263826831,-0.043042471,46.93985412,53.06014588,48.97274744,1.48770824,-0.384786715,28.17200271,71.82799729,-0.341253258,34.84340034,65.15659966,0.441804568,0.259922361,0.73890785,-0.491930536,58.78917853,0.661116661,-1.312118935,43.35451779,-0.427829186,43.25291676,56.74708324
200,14.55865915,0.284084269,0.570432532,56.40226438,43.59773562,53.03580454,1.058452876,-1.933744881,2.919650208,97.08034979,0.296306801,44.62691301,55.37308699,0.37596501,0.195749117,0.845,0.840502453,81.75182227,0.702310359,0.349985301,70.68098054,-1.363312348,33.56943013,66.43056987
114,14.80494697,0.307758259,1.287374198,67.46057341,32.53942659,50.27530884,1.287936309,-1.105659162,16.41976463,83.58023537,0.377891554,45.87885069,54.12114931,0.317923376,0.194088925,0.815789474,0.473641485,75.42947978,0.728604908,1.410931133,88.12386778,0.181715036,49.56250474,50.43749526
669,14.66228493,0.293972866,0.869898219,61.021307,38.978693,44.02077775,2.246708525,2.354048464,72.82268012,27.17731988,1.626764279,65.04310343,34.95689657,0.386312183,0.213688182,0.732436472,-0.573205888,57.38851001,0.693734085,0.003945458,64.99177966,3.223946683,81.05362148,18.94637852
131,14.86070134,0.207212603,-1.757544281,20.49489804,79.50510196,48.3367914,1.591113438,-0.011651421,34.25515213,65.74484787,-1.821294973,12.13180377,87.86819623,0.451874622,0.261712625,0.740458015,-0.472461692,59.1246972,0.656947479,-1.480339224,40.58882755,-1.769195702,29.3680012,70.6319988
383,14.33696495,0.280513985,0.462310279,54.73455646,45.26544354,41.98784485,1.859921991,0.958338099,50.0686956,49.9313044,1.475046202,62.71495301,37.28504699,0.422141882,0.261096238,0.689295039,-1.115027962,48.05095431,0.668287586,-1.022782821,48.11145925,1.420648379,62.38710163,37.61289837
341,15.34892909,0.242249829,-0.696479088,36.86106472,63.13893528,53.67735424,1.201258274,-1.41843487,11.32064536,88.67935464,-1.00786802,24.61403627,75.38596373,0.344151426,0.193587614,0.850439883,0.908823051,82.9292335,0.716916559,0.939323667,80.37022419,-2.114913958,25.7893605,74.2106395
243,14.41412225,0.261581475,-0.111040678,45.89103073,54.10896927,46.18978759,1.474767461,-0.431483221,27.410719,72.589281,0.14591098,42.31905291,57.68094709,0.439779587,0.229106194,0.720164609,-0.727330727,54.73238112,0.66850338,-1.014075839,48.25460972,-0.542523899,42.06567496,57.93432504
143,14.9412627,0.278241234,0.393482433,53.67293648,46.32706352,50.41792226,1.812781576,0.788232986,47.29550626,52.70449374,0.103170811,41.66319472,58.33680528,0.391592914,0.209943503,0.783216783,0.064554411,68.37942861,0.692366791,-0.051222842,64.08476405,1.181715419,59.91382984,40.08617016
720,14.94355454,0.269561772,0.130634147,49.61869092,50.38130908,49.32776322,1.669284083,0.270425563,38.8537963,61.1462037,0.494649129,47.67052379,52.32947621,0.39624432,0.225906416,0.777777778,-0.00375517,67.20220726,0.686757716,-0.277540648,60.36389927,0.401059711,51.83301191,48.16698809
884,14.76383561,0.253046507,-0.369513147,41.90427898,58.09572102,49.60678588,1.366655506,-0.821602739,21.05067919,78.94932081,0.197745303,43.11446308,56.88553692,0.364602931,0.205306337,0.82239819,0.556641704,76.85987401,0.705003449,0.458647461,72.46748249,-1.191115886,35.35189102,64.64810898
366,14.93098833,0.282485817,0.522025119,55.65561488,44.34438512,50.03974589,1.336385657,-0.930830795,19.26995622,80.73004378,0.436488135,46.77802933,53.22197067,0.366748867,0.198819616,0.849726776,0.899866998,82.77488828,0.705629759,0.483918141,72.88295482,-0.408805676,43.44983522,56.55016478
184,14.47888013,0.237940268,-0.826989559,34.84803468,65.15196532,46.01399253,2.256165611,2.388174142,73.37902416,26.62097584,-0.240619553,36.38764878,63.61235122,0.422667397,0.232272602,0.701086957,-0.966930862,50.60320344,0.674634346,-0.766700531,52.32167845,1.561184584,63.84183702,36.15816298
421,14.51908498,0.239096467,-0.791975296,35.38810447,64.61189553,44.85545926,1.454602155,-0.504249265,26.22442885,73.77557115,0.062221889,41.03482365,58.96517635,0.308497459,0.168368094,0.885985748,1.355250838,90.62280032,0.739944897,1.868482783,95.64642133,-1.296224561,34.26387736,65.73612264
646,14.81470857,0.285080427,0.60060014,56.867578,43.132422,53.17288251,1.27781605,-1.142177883,15.82440729,84.17559271,-0.348232541,34.73630157,65.26369843,0.38946247,0.22026266,0.843653251,0.823588354,81.46033112,0.69087807,-0.111290484,63.09719893,-0.541577743,42.07546892,57.92453108
230,14.57596596,0.297178958,0.966991295,62.5188978,37.4811022,50.73779138,1.734043533,0.504108559,42.66348304,57.33651696,0.362129458,45.63697753,54.36302247,0.407776464,0.202391816,0.795652174,0.220733023,71.07095146,0.687171547,-0.260843185,60.63842034,1.471099854,62.90934106,37.09065894
320,14.67682381,0.246323051,-0.573125856,38.76369953,61.23630047,49.3009239,1.663312805,0.248878343,38.50251632,61.49748368,0.115953033,41.85934099,58.14065901,0.382366984,0.191035379,0.809375,0.393080799,74.04112754,0.700558242,0.279290007,69.51868743,-0.324247513,44.32512392,55.67487608
294,14.36038498,0.248240895,-0.515046006,39.6595394,60.3404606,46.38793955,1.574225592,-0.072590828,33.26166927,66.73833073,-0.546498477,31.69386303,68.30613697,0.353426853,0.204485665,0.792517007,0.181357819,70.39237416,0.710066076,0.662916915,75.82585288,-0.587636834,41.59869648,58.40130352
560,14.72474071,0.289627634,0.738307476,58.99161452,41.00838548,48.98168836,1.951368822,1.288321898,55.44835491,44.55164509,0.406470992,46.31740905,53.68259095,0.428645172,0.234308502,0.732142857,-0.576893462,57.32495977,0.671814999,-0.880456984,50.45142181,2.026629374,68.65980552,31.34019448
696,15.01426998,0.276720984,0.347443258,52.96281536,47.03718464,46.4018752,1.608611684,0.051490599,35.28454374,64.71545626,1.65443852,65.46777133,34.53222867,0.382396492,0.227303014,0.761494253,-0.208263286,63.67779212,0.692112176,-0.061496179,63.91586131,0.398933857,51.81100652,48.18899348
260,14.59502209,0.268654512,0.103158739,49.19490252,50.80509748,46.27659888,1.643032609,0.175697722,37.30946742,62.69053258,0.847285006,53.08180625,46.91819375,0.401527125,0.259172802,0.688461538,-1.125496067,47.87055096,0.676632815,-0.686065299,53.64739293,0.278856461,50.56804683,49.43195317
421,14.75822451,0.314152186,1.481007498,70.44722766,29.55277234,50.59395292,2.218108492,2.250845897,71.14018949,28.85981051,1.316969461,60.28922734,39.71077266,0.465210743,0.275234394,0.724465558,-0.673314228,55.66328093,0.649126342,-1.795910441,35.40055782,3.731853395,86.31112696,13.68887304
301,14.8141803,0.253263768,-0.362933629,42.0057633,57.9942367,51.88448027,1.316336177,-1.003178886,18.0904799,81.9095201,-0.721123677,29.01419727,70.98580273,0.34802926,0.19239856,0.870431894,1.159906801,87.25631543,0.71547638,0.881214594,79.41485966,-1.366112515,33.54044471,66.45955529
299,14.55483302,0.218477748,-1.416391324,25.75693679,74.24306321,49.42608621,1.516850269,-0.279628367,29.88637804,70.11362196,-1.545952275,16.35700378,83.64299622,0.381053549,0.192549095,0.785953177,0.098921342,68.97169526,0.700800776,0.289075866,69.6795756,-1.696019691,30.12546959,69.87453041
247,14.83286738,0.269066314,0.115629703,49.38725817,50.61274183,45.2161943,1.739243548,0.522872695,42.96939096,57.03060904,1.154249607,57.79225199,42.20774801,0.341769839,0.193771224,0.834008097,0.702452899,79.37272873,0.717937451,0.980515137,81.04744837,0.638502398,54.29085742,45.70914258
108,14.78638826,0.24145775,-0.720466332,36.49107876,63.50892124,47.85065625,1.559978075,-0.124002666,32.42351245,67.57648755,0.963790732,54.86961467,45.13038533,0.339989307,0.17941349,0.861111111,1.042845189,85.23892008,0.722321983,1.157424496,83.9559946,-0.844468998,38.94014427,61.05985573
144,14.18285071,0.242962879,-0.674885119,37.19413616,62.80586384,45.1975162,1.457205966,-0.494853474,26.37760654,73.62239346,-0.726048004,28.93863229,71.06136771,0.368915044,0.245538214,0.756944444,-0.26540526,62.69302906,0.692925737,-0.028670204,64.45554935,-1.169738593,35.57317423,64.42682577
175,15.09124188,0.255588536,-0.292530498,43.09168092,56.90831908,47.75768373,1.65359349,0.213806417,37.93074578,62.06925422,0.017664735,40.35108339,59.64891661,0.368887906,0.223901342,0.771428571,-0.08349615,65.82798153,0.698557843,0.198576902,68.19169264,-0.078724081,46.86661581,53.13338419
241,14.87128398,0.272793863,0.228514587,51.12842623,48.87157377,52.38089056,1.460943287,-0.481367435,26.59746671,73.40253329,0.015371469,40.31589267,59.68410733,0.377035018,0.223108226,0.842323651,0.806889645,81.17255191,0.695361343,0.069602862,66.07124542,-0.252852848,45.06415303,54.93584697
157,14.60279163,0.267667596,0.073271023,48.73390602,51.26609398,46.05552985,1.558779658,-0.128327127,32.35301164,67.64698836,0.386845639,46.01625328,53.98374672,0.426060644,0.23940628,0.751592357,-0.332623223,61.53462022,0.671719924,-0.884293095,50.38835275,-0.055056103,47.11161065,52.88838935
416,15.00184573,0.2508275,-0.436713425,40.86776307,59.13223693,47.09023605,1.589928018,-0.015928982,34.18541591,65.81458409,0.303100143,44.73115848,55.26884152,0.348168273,0.188426858,0.819711538,0.522899498,76.27837365,0.716390814,0.918110647,80.02146339,-0.452642407,42.99606714,57.00393286
430,14.87387629,0.205547677,-1.807964797,19.71719787,80.28280213,49.52886933,1.251678045,-1.236496279,14.28675351,85.71324649,-1.552782496,16.25219239,83.74780761,0.353739174,0.203371212,0.853488372,0.947109652,83.58905023,0.710210427,0.668741249,75.92161008,-3.044461076,16.16731978,83.83268022
201,15.0897579,0.292879809,0.836796129,60.51073109,39.48926891,50.13112322,1.775890634,0.655112865,45.12527578,54.87472422,1.222728617,58.84307889,41.15692111,0.348515689,0.197434515,0.820895522,0.537769394,76.53463579,0.714003131,0.821771211,78.43755791,1.491908994,63.12474315,36.87525685
901,14.9794674,0.213951996,-1.553448913,23.64292214,76.35707786,49.0879552,1.270020795,-1.170306882,15.36582589,84.63417411,-1.342549942,19.47826158,80.52173842,0.352616608,0.186294942,0.833518313,0.6963016,79.26671958,0.714896666,0.857824008,79.03029776,-2.723755796,19.48704313,80.51295687
292,14.51756369,0.252468608,-0.387014183,41.6343381,58.3656619,49.75602926,1.688205447,0.338702874,39.96690753,60.03309247,-0.513548576,32.19948719,67.80051281,0.392338228,0.234059861,0.715753425,-0.782731693,53.77762192,0.686411753,-0.291499727,60.13439969,-0.048311308,47.18142819,52.81857181
172,15.17413241,0.261673632,-0.108249808,45.93407788,54.06592212,51.70238092,1.527299317,-0.241923218,30.50107747,69.49892253,0.308888784,44.81998656,55.18001344,0.390699223,0.20021047,0.76744186,-0.133566067,64.9650956,0.694922019,0.051876826,65.77981372,-0.350173027,44.0567606,55.9432394
102,14.50779343,0.283733212,0.559801165,56.23828319,43.76171681,43.54792658,1.756607442,0.585529911,43.99087891,56.00912109,0.86317998,53.32571845,46.67428155,0.434874411,0.262625323,0.676470588,-1.276092861,45.27522305,0.663119667,-1.231300646,44.6832419,1.145331076,59.53720382,40.46279618
1230,14.70648176,0.264762714,-0.014700234,47.37701272,52.62298728,50.82434042,1.597381926,0.010968277,34.6239165,65.3760835,-0.094997435,38.62225526,61.37774474,0.323344374,0.178677402,0.883739837,1.327043985,90.13669413,0.730231783,1.476573123,89.20308011,-0.003731957,47.64288337,52.35711663
772,14.60822222,0.291268767,0.788007424,59.75820043,40.24179957,48.44315791,1.346815009,-0.893196718,19.88349698,80.11650302,1.445173707,62.25655238,37.74344762,0.377636921,0.20877226,0.795336788,0.216772021,71.00268907,0.698566098,0.198909948,68.1971682,-0.105189295,46.59266588,53.40733412
191,14.86172416,0.234784327,-0.922563868,33.37386977,66.62613023,43.81833239,1.790825863,0.709006298,46.00388955,53.99611045,-0.870298415,26.725075,73.274925,0.371816085,0.228965843,0.701570681,-0.960855672,50.70790095,0.69605858,0.097735343,66.53376827,-0.213557569,45.47091107,54.52908893
106,14.60864293,0.264100972,-0.034740395,47.06790765,52.93209235,48.14826561,1.462707163,-0.47500253,26.70123248,73.29876752,0.917337838,54.15678383,45.84321617,0.38315991,0.208401066,0.811320755,0.41751793,74.46226777,0.696297371,0.107370207,66.69217396,-0.509742925,42.40500134,57.59499866
181,14.75875508,0.304356355,1.184351142,65.87151695,34.12848305,52.72138881,1.535631331,-0.211857335,30.99123551,69.00876449,-0.045465001,39.38234238,60.61765762,0.402976185,0.255267823,0.751381215,-0.335274989,61.4889207,0.677037275,-0.669745913,53.91569806,0.972493808,57.74810975,42.25189025
270,14.78057093,0.229254579,-1.090026429,30.79088033,69.20911967,49.10706593,1.069842849,-1.892644425,3.589702643,96.41029736,-0.966193335,25.25354435,74.74645565,0.370950179,0.212389954,0.796296296,0.228822688,71.21036567,0.700549917,0.278954097,69.51316477,-2.982670854,16.80693021,83.19306979
573,15.0884791,0.275571598,0.312635342,52.42592832,47.57407168,52.76645368,1.336202528,-0.931491611,19.25918308,80.74081692,-0.154568898,37.70811681,62.29188319,0.365417725,0.209087089,0.869109948,1.143304211,86.97019269,0.70372593,0.407101501,71.62002136,-0.618856269,41.27553408,58.72446592
348,15.16648196,0.274198424,0.271050214,51.78450766,48.21549234,50.61616236,1.173724647,-1.517789333,9.700889591,90.29911041,0.262250966,44.10431801,55.89568199,0.307534496,0.178852299,0.91091954,1.668399426,96.01948407,0.737593343,1.773601073,94.08648216,-1.246739119,34.77611707,65.22388293
177,15.0680767,0.235077963,-0.913671414,33.51102947,66.48897053,48.77483805,1.639142372,0.161659889,37.08061146,62.91938854,-0.001855439,40.05154162,59.94845838,0.367288169,0.198937987,0.807909605,0.374676598,73.72395653,0.705365686,0.473263196,72.7077781,-0.752011525,39.89720127,60.10279873
298,14.42592376,0.282919139,0.535147802,55.85802282,44.14197718,45.43777937,1.697731182,0.373076272,40.52729011,59.47270989,1.026731113,55.83544999,44.16455001,0.341469751,0.208639491,0.788590604,0.132045324,69.54254137,0.71420154,0.829776726,78.56917566,0.908224075,57.08283311,42.91716689
330,14.40400656,0.277206481,0.362146024,53.18959494,46.81040506,48.16475491,1.745054786,0.543842413,43.31125605,56.68874395,-0.291344357,35.60926446,64.39073554,0.415304345,0.23797259,0.706060606,-0.904465782,51.6797029,0.676291212,-0.699848447,53.42078579,0.905988437,57.05969131,42.94030869
937,14.99723619,0.227169682,-1.153165321,29.81700838,70.18299162,50.26285887,1.275830566,-1.149342459,15.70760466,84.29239534,-0.716206352,29.08965481,70.91034519,0.31208763,0.176169201,0.866595518,1.11172497,86.42596806,0.7361725,1.716272187,93.14394459,-2.302507779,23.84751662,76.15248338
134,14.47558002,0.258017796,-0.218962914,44.22640793,55.77359207,44.78377814,1.86970315,0.993633186,50.64410428,49.35589572,1.020033832,55.7326786,44.2673214,0.388589169,0.234886098,0.76119403,-0.212033848,63.61281168,0.687728208,-0.238382739,61.00768991,0.774670272,55.70037481,44.29962519
981,14.92611306,0.281058253,0.478792855,54.98878833,45.01121167,45.42770109,1.680872077,0.312240575,39.53549801,60.46450199,1.244446464,59.17634449,40.82365551,0.354785684,0.195285288,0.785932722,0.098664437,68.96726785,0.711753638,0.731007529,76.94532275,0.791033431,55.86975512,44.13024488
206,14.58704829,0.301041261,1.083957032,64.32301007,35.67698993,43.82358358,1.950318219,1.284530821,55.38654973,44.61345027,0.612063426,49.47227446,50.52772554,0.434678536,0.265129503,0.645631068,-1.663412697,38.6003002,0.662622345,-1.251366854,44.3533357,2.368487852,72.1984924,27.8015076
240,14.51738427,0.275441071,0.308682456,52.36495789,47.63504211,47.13246495,1.577760004,-0.059836982,33.46959265,66.53040735,0.004004321,40.14146104,59.85853896,0.40682329,0.223446192,0.766666667,-0.143301884,64.79731222,0.682991052,-0.429519916,57.86522578,0.248845474,50.25739346,49.74260654
141,14.77291022,0.266030362,0.023689125,47.96914094,52.03085906,50.82557125,1.392865298,-0.727025301,22.59255607,77.40744393,0.537334034,48.32553394,51.67446606,0.364502083,0.191733438,0.886524823,1.362021185,90.73947789,0.708288679,0.591201592,74.64678957,-0.703336176,40.40105543,59.59894457
157,14.69769232,0.269328426,0.12356751,49.50969312,50.49030688,46.75949484,1.675807906,0.29396663,39.23758156,60.76241844,0.908721167,54.02455895,45.97544105,0.423251082,0.265423264,0.738853503,-0.492613087,58.77741571,0.666848574,-1.080844816,47.15686872,0.41753414,52.00354401,47.99645599
188,14.84265083,0.221575211,-1.322587924,27.2037867,72.7962133,46.94011462,1.562425423,-0.115171466,32.56748572,67.43251428,-0.844526288,27.12055449,72.87944551,0.339352962,0.178482822,0.877659574,1.250680721,88.82067866,0.722842427,1.178423612,84.30123863,-1.437759389,32.7988049,67.2011951
156,14.70195399,0.270342096,0.154265429,49.98318642,50.01681358,47.02136343,1.68309001,0.320243936,39.66597519,60.33402481,0.460396562,47.1449099,52.8550901,0.350398311,0.207383661,0.788461538,0.130424363,69.51460634,0.71064647,0.686334927,76.21086569,0.474509365,52.59331287,47.40668713
187,15.19829671,0.213412169,-1.569797012,23.39076449,76.60923551,51.5222902,1.122763676,-1.701680831,6.702943595,93.2970564,-1.700426751,13.98655574,86.01344426,0.339209908,0.188634756,0.79144385,0.167879827,70.16009956,0.720392596,1.079576592,82.67610625,-3.271477843,13.81739632,86.18260368
124,14.86981419,0.307388736,1.276183595,67.28796642,32.71203358,49.21180653,1.668593068,0.267932054,38.81314512,61.18685488,1.117234136,57.22424068,42.77575932,0.344021218,0.214706409,0.806451613,0.356365384,73.40838802,0.711478595,0.71990995,76.76286875,1.544115649,63.665151,36.334849
723,14.58119291,0.280439339,0.460049719,54.69968895,45.30031105,47.45931242,1.624329341,0.108207406,36.2091864,63.7908136,0.316838434,44.94197586,55.05802414,0.445228939,0.250681432,0.690179806,-1.10391599,48.24245382,0.661835232,-1.283125661,43.83119284,0.568257125,53.56372604,46.43627396
581,14.72097162,0.247408852,-0.540243539,39.2708856,60.7291144,49.67182492,1.338516663,-0.923141108,19.39531965,80.60468035,-1.082217847,23.47312026,76.52687974,0.450238677,0.262711008,0.681583477,-1.211879049,46.38185948,0.657341559,-1.464438692,40.85024635,-1.463384646,32.53354964,67.46645036
350,14.88775632,0.228851148,-1.102243897,30.60243468,69.39756532,49.69025429,1.177447631,-1.504355029,9.919906338,90.08009366,-0.64827982,30.13200381,69.86799619,0.354656341,0.202425265,0.828571429,0.634172668,78.19601317,0.71004621,0.662115336,75.81267421,-2.606598926,20.69977151,79.30022849
432,14.49611914,0.258485549,-0.204797531,44.44489877,55.55510123,48.70715348,1.364771771,-0.828400152,20.93986233,79.06013767,-0.221299282,36.684123,63.315877,0.358596497,0.192266867,0.847222222,0.868411796,82.23280128,0.71078854,0.692067271,76.30511049,-1.033197683,36.98655304,63.01344696
544,14.80534631,0.241316154,-0.724754416,36.42493815,63.57506185,48.01339885,1.303657635,-1.048929116,17.34462313,82.65537687,-0.03369974,39.56288315,60.43711685,0.351720181,0.188473086,0.878676471,1.263452127,89.04077622,0.714778235,0.853045511,78.95173505,-1.773683532,29.32154623,70.67845377
398,15.3190581,0.215502417,-1.506496057,24.36713615,75.63286385,53.48563862,1.313697689,-1.012699809,17.9352622,82.0647378,-1.705515958,13.90846064,86.09153936,0.369617776,0.199574749,0.861809045,1.051610686,85.38998133,0.704197382,0.426123853,71.93276563,-2.519195866,21.60450865,78.39549135
169,14.58034874,0.309766313,1.348185984,68.39855143,31.60144857,45.94988262,2.252344997,2.374387545,73.15426405,26.84573595,0.592461694,49.17148116,50.82851884,0.445596651,0.247425197,0.639053254,-1.746024801,37.1765946,0.662391212,-1.260692733,44.20001,3.722573529,86.21506809,13.78493191
173,14.80166736,0.258514403,-0.20392371,44.45837683,55.54162317,52.0173169,1.532085552,-0.224652197,30.78264345,69.21735655,-0.040669918,39.45592409,60.54407591,0.381211531,0.228709464,0.780346821,0.028509966,67.75825236,0.692254114,-0.055769172,64.01001836,-0.428575907,43.24518721,56.75481279
410,14.67584561,0.220484013,-1.355633713,26.69407919,73.30592081,49.16816933,1.488073141,-0.383469977,28.19346923,71.80653077,-1.136260448,22.64382354,77.35617646,0.322236106,0.173434468,0.868292683,1.133040016,86.79330346,0.732093986,1.55171023,90.43840057,-1.73910369,29.67949328,70.32050672
398,14.88124291,0.284718039,0.589625594,56.69830353,43.30169647,50.9562353,1.547655548,-0.168468223,31.69859945,68.30140055,0.284920677,44.45219018,55.54780982,0.404444519,0.227602331,0.77638191,-0.021286164,66.90008477,0.683018793,-0.428400599,57.88362834,0.421157371,52.04104925,47.95895075
154,14.86403018,0.205793243,-1.800528084,19.83190382,80.16809618,48.47097367,1.393315506,-0.725400737,22.61904102,77.38095898,-1.821363934,12.13074555,87.86925445,0.376866422,0.212974626,0.766233766,-0.148738769,64.70361501,0.697894362,0.171806421,67.75156227,-2.525928821,21.53481367,78.46518633
329,14.6556196,0.318817658,1.62229636,72.62650664,27.37349336,46.50325654,2.001602842,1.469590208,58.40353559,41.59646441,0.15635558,42.47932781,57.52067219,0.521438206,0.300340081,0.52887538,-3.129771236,13.32963443,0.624317508,-2.796909876,18.94324232,3.091886568,79.68662482,20.31337518
192,14.86646394,0.299901189,1.049431175,63.79047358,36.20952642,50.2316504,1.789675717,0.704856024,45.93622846,54.06377154,0.647724819,50.01950712,49.98049288,0.360861527,0.195162689,0.796875,0.236090746,71.33562062,0.709091403,0.6235903,75.17928856,1.754287199,65.8407042,34.1592958
355,14.58927417,0.293632339,0.859585696,60.86224376,39.13775624,44.04950755,1.963678438,1.332740865,56.17250836,43.82749164,1.157448143,57.8413343,42.1586657,0.412751378,0.223847444,0.681690141,-1.210539433,46.40494591,0.680483291,-0.530704313,56.20166485,2.192326561,70.37499031,29.62500969
248,14.90746133,0.269718797,0.135389457,49.69203815,50.30796185,49.02591302,1.441454157,-0.551693514,25.45095483,74.54904517,-0.697547314,29.37598224,70.62401776,0.400359119,0.230827875,0.754032258,-0.301980003,62.06271383,0.683931286,-0.391582859,58.48894454,-0.416304057,43.37221707,56.62778293
201,14.85784845,0.248403833,-0.510111602,39.73564904,60.26435096,48.07592757,1.907691356,1.13071276,52.87888492,47.12111508,-0.228831167,36.56854441,63.43145559,0.36694496,0.218372967,0.781094527,0.037900566,67.92008638,0.700767193,0.28772085,69.65729794,0.620601158,54.10555594,45.89444406
134,14.87330543,0.163336454,-3.086286884,0,100,50.83727753,1.173102396,-1.52003471,9.66428366,90.33571634,-2.611885612,0,100,0.353244632,0.176182662,0.865671642,1.100121825,86.22600387,0.716977925,0.941799694,80.41093227,-4.606321594,0,100
309,14.97130138,0.228103704,-1.124879461,30.2532974,69.7467026,47.24992645,1.294029652,-1.083671472,16.77822551,83.22177449,-0.569127404,31.3466167,68.6533833,0.375984259,0.193942769,0.860841424,1.039458133,85.18054884,0.702712112,0.366195428,70.94748935,-2.208550933,24.82009411,75.17990589
467,15.01878411,0.254718337,-0.318883528,42.68520439,57.31479561,50.5694569,1.200433463,-1.42141118,11.27212318,88.72787682,-0.038587195,39.48788397,60.51211603,0.315669819,0.171242255,0.880085653,1.281150338,89.34578046,0.735767061,1.699913317,92.87499032,-1.740294708,29.66716466,70.33283534
283,14.72290179,0.289715956,0.740982216,59.03287047,40.96712953,47.03414611,1.841264526,0.891013061,48.97110908,51.02889092,0.353808271,45.50928691,54.49071309,0.382658188,0.215056333,0.749116608,-0.36371666,60.99876776,0.694951503,0.053066431,65.79937188,1.631995277,64.57482125,35.42517875
164,14.87702387,0.315789904,1.530604035,71.21221854,28.78778146,50.39001442,1.69506302,0.363448268,40.37032669,59.62967331,1.102633052,57.00018352,42.99981648,0.39407691,0.209286801,0.774390244,-0.0462999,66.46900756,0.691465613,-0.087584001,63.48695446,1.894052303,67.28745768,32.71254232
116,14.99570313,0.245486944,-0.598446481,38.37314712,61.62685288,50.72891137,1.615721272,0.077145384,35.70278853,64.29721147,-0.338249389,34.88949544,65.11050456,0.363776305,0.175955948,0.810344828,0.405261062,74.25103756,0.71220194,0.74909586,77.2427109,-0.521301096,42.285359,57.714641
973,14.53381276,0.232428433,-0.993909618,32.27341293,67.72658707,46.57109812,1.464301368,-0.469249876,26.79501683,73.20498317,-0.331971591,34.98582976,65.01417024,0.343983181,0.197225547,0.834532374,0.709037401,79.48620352,0.716069377,0.905141139,79.80823321,-1.463159494,32.53588026,67.46411974
309,15.10144292,0.238882492,-0.798455313,35.28815488,64.71184512,52.49374465,1.121559272,-1.706026895,6.632090587,93.36790941,-1.069126502,23.67401011,76.32598989,0.375358353,0.22674277,0.854368932,0.958168784,83.77963911,0.695155394,0.06129316,65.93462658,-2.504482208,21.75681445,78.24318555
103,14.81361112,0.33732881,2.182886957,81.27321301,18.72678699,44.47060188,1.822554645,0.823498884,47.87043908,52.12956092,2.22239097,74.18313846,25.81686154,0.444805348,0.245154293,0.708737864,-0.870841551,52.25917011,0.663178274,-1.228935945,44.72211966,3.006385842,78.80157934,21.19842066
626,14.47461728,0.26561872,0.011222974,47.77685953,52.22314047,49.60023384,1.483173357,-0.401150737,27.90522335,72.09477665,0.270826209,44.23590717,55.76409283,0.407518401,0.22803704,0.758785942,-0.242277509,63.09160392,0.681671647,-0.482755928,56.98997869,-0.389927764,43.64524655,56.35475345
196,14.55790463,0.251862851,-0.405358917,41.35138378,58.64861622,49.05756483,1.586275849,-0.02910775,33.97056512,66.02943488,-0.2954042,35.54696518,64.45303482,0.375017533,0.21404786,0.775510204,-0.032234091,66.71141236,0.698419649,0.193000951,68.10001908,-0.434466667,43.18421006,56.81578994
321,15.00151739,0.249297194,-0.483057109,40.15294511,59.84705489,50.52225236,1.765948084,0.619235403,44.54037275,55.45962725,0.23056741,43.61812621,56.38187379,0.38217037,0.220158767,0.775700935,-0.029838668,66.75269417,0.693939009,0.01221381,65.12771868,0.136178294,49.09113931,50.90886069
412,14.84022179,0.268676434,0.103822611,49.20514227,50.79485773,54.05806705,1.501210583,-0.33606382,28.96632224,71.03367776,-0.902018155,26.23832795,73.76167205,0.34666995,0.197781173,0.854368932,0.958168784,83.77963911,0.714734546,0.851282718,78.92275317,-0.232241208,45.27751072,54.72248928
310,14.56616214,0.265031341,-0.006565151,47.50249051,52.49750949,48.95246624,1.551631148,-0.154122361,31.93247713,68.06752287,0.345807772,45.38651732,54.61348268,0.395860375,0.199314989,0.803225806,0.315851821,72.71019268,0.69290159,-0.029644486,64.43953129,-0.160687512,46.01818601,53.98181399
178,15.05675737,0.338536413,2.219457931,81.83729395,18.16270605,49.93733585,1.49551927,-0.356600793,28.63151211,71.36848789,1.102025897,56.99086658,43.00913342,0.429179012,0.247973142,0.679775281,-1.234588551,45.99049256,0.668598236,-1.010248556,48.31753365,1.862857138,66.96454651,33.03545349
140,14.43036989,0.305280605,1.212341079,66.30324158,33.69675842,49.24257535,1.384974251,-0.755499963,22.1283394,77.8716606,0.176346919,42.78609973,57.21390027,0.429175503,0.248880854,0.742857143,-0.442330558,59.6439657,0.668396377,-1.018393286,48.18362708,0.456841116,52.41042315,47.58957685
175,14.45832513,0.321342175,1.698748675,73.80572855,26.19427145,44.6411748,2.237017084,2.319077121,72.25254936,27.74745064,0.30385972,44.74281436,55.25718564,0.483170951,0.263876398,0.611428571,-2.092968838,31.19749291,0.644940142,-1.964817337,32.62357914,4.017825795,89.27131911,10.72868089
207,14.77878096,0.297222767,0.968318015,62.53936149,37.46063851,49.53049678,1.436234859,-0.570527232,25.14391253,74.85608747,0.627805173,49.71383536,50.28616464,0.355179082,0.198684225,0.835748792,0.724314645,79.74948575,0.710745334,0.69032396,76.27644891,0.397790783,51.79917419,48.20082581
313,15.10488576,0.262080834,-0.095918123,46.12428525,53.87571475,51.38128056,1.365675131,-0.825140399,20.99300542,79.00699458,0.223071061,43.50309293,56.49690707,0.343750017,0.191204401,0.830670927,0.660540691,78.65042967,0.717695436,0.970750191,80.88690403,-0.921058522,38.14734151,61.85265849
637,14.9371889,0.213720906,-1.560447241,23.53497798,76.46502202,48.64162618,1.244780727,-1.261385091,13.88099622,86.11900378,-0.957846329,25.38163117,74.61836883,0.32652852,0.178714055,0.874411303,1.209885016,88.11762098,0.728737659,1.416287445,88.21193028,-2.821832332,18.47182141,81.52817859
199,14.36048847,0.289437124,0.732538088,58.90262586,41.09737414,44.69041567,1.545870627,-0.174909069,31.59359563,68.40640437,1.670508879,65.71437485,34.28562515,0.332128044,0.169252431,0.83919598,0.767608579,80.49559695,0.728455606,1.404907027,88.02482616,0.557629018,53.45371109,46.54628891
115,15.02866086,0.237799433,-0.831254578,34.78224983,65.21775017,46.11844204,1.567733158,-0.096018627,32.87973059,67.12026941,-0.090998963,38.68361276,61.31638724,0.388861404,0.208163979,0.686956522,-1.14439788,47.54480431,0.693927349,0.01174336,65.11998407,-0.927273205,38.08301133,61.91698867
202,14.78860731,0.261098922,-0.12565429,45.66562629,54.33437371,46.26956596,1.495629734,-0.356202185,28.63801054,71.36198946,1.802450422,67.7390496,32.2609504,0.363408489,0.198505012,0.777227723,-0.010663423,67.08315305,0.707168905,0.546020383,73.90397056,-0.481856474,42.69366295,57.30633705
185,14.65439725,0.286269923,0.636622763,57.42320102,42.57679898,49.96189888,1.569962717,-0.087973315,33.0108917,66.9891083,-0.553314603,31.58926793,68.41073207,0.43960125,0.273781423,0.751351351,-0.335650058,61.48245689,0.658811164,-1.405142294,41.82513154,0.548649448,53.36076068,46.63923932
160,14.51838339,0.316858837,1.562975553,71.71152591,28.28847409,49.57163537,1.841893005,0.893280914,49.00808143,50.99191857,1.068788217,56.48082638,43.51917362,0.386709633,0.246566887,0.75625,-0.274126929,62.54272312,0.685575797,-0.3252293,59.57985569,2.456256467,73.10701352,26.89298648
100,14.65071007,0.290743201,0.772091236,59.5127047,40.4872953,50.67823802,1.540979767,-0.192557627,31.30587474,68.69412526,-0.585781153,31.0910609,68.9089391,0.442452955,0.248703018,0.66,-1.482950344,41.71031981,0.663323232,-1.223087092,44.81827998,0.579533609,53.68045254,46.31954746
364,14.95321563,0.304322247,1.183318211,65.85558472,34.14441528,52.2146391,1.405571939,-0.681173679,23.34006582,76.65993418,0.602305852,49.32254214,50.67745786,0.36911248,0.212782895,0.854395604,0.958503768,83.78541209,0.701236541,0.306658369,69.96864749,0.502144531,52.87937335,47.12062665
121,14.9021945,0.324926432,1.807294093,75.47996348,24.52003652,49.97820959,1.979794156,1.390894065,57.12056824,42.87943176,1.524609158,63.4755085,36.5244915,0.416513979,0.234381881,0.719008264,-0.741853494,54.48210125,0.676621229,-0.686532751,53.6397076,3.198188157,80.78698671,19.21301329
103,14.92865699,0.206820892,-1.769406819,20.31192692,79.68807308,52.04553732,1.576556067,-0.064181361,33.39876712,66.60123288,-1.399179925,18.60926085,81.39073915,0.354477933,0.209922876,0.834951456,0.71430074,79.57690991,0.708228556,0.588775732,74.6069063,-1.83358818,28.70145397,71.29854603
184,14.8463534,0.197890465,-2.039855333,16.1404533,83.8595467,49.69807024,1.413345958,-0.653121309,23.79739795,76.20260205,-1.651255524,14.74110006,85.25889994,0.339592664,0.184853417,0.847826087,0.875995856,82.3635021,0.721165378,1.11075721,83.18874316,-2.692976642,19.80564803,80.19435197
131,14.9549486,0.267604956,0.071374046,48.70464652,51.29535348,53.59772598,1.279314793,-1.136769703,15.91257576,84.08742424,0.023950933,40.4475466,59.5524534,0.380640589,0.190638111,0.839694656,0.77387156,80.60353078,0.701404253,0.313425293,70.0799017,-1.065395656,36.65326148,63.34673852
328,14.4566781,0.283047025,0.539020699,55.91775946,44.08224054,46.37510689,2.335071015,2.67290249,78.02089298,21.97910702,0.347927657,45.41904747,54.58095253,0.418844373,0.23003769,0.737804878,-0.505782984,58.55045071,0.67665515,-0.685164093,53.66220956,3.211923189,80.92916243,19.07083757
120,14.9759541,0.221280797,-1.331503956,27.06626332,72.93373668,52.13134369,1.008822827,-2.112833781,0,100,-1.777091083,12.81012311,87.18987689,0.380044944,0.215903342,0.85,0.903298474,82.83402504,0.69585023,0.089328747,66.39555641,-3.444337737,12.02806806,87.97193194
337,15.13726611,0.249881503,-0.465361917,40.4258807,59.5741193,50.61459054,1.346297074,-0.895065673,19.8530278,80.1469722,0.202348054,43.1850934,56.8149066,0.339575649,0.192853984,0.893175074,1.445543052,92.17886201,0.719156477,1.029701014,81.85610766,-1.36042759,33.59929119,66.40070881
658,14.98013559,0.26092691,-0.13086349,45.58527812,54.41472188,49.44349441,2.007724921,1.491681591,58.76368695,41.23631305,-0.150445478,37.77139168,62.22860832,0.363857075,0.201948559,0.808510638,0.382225104,73.85404462,0.70614326,0.504637138,73.22359345,1.3608181,61.76777921,38.23222079
494,14.65958564,0.282349291,0.517890565,55.59184235,44.40815765,47.55879681,1.749799282,0.56096282,43.59036659,56.40963341,0.466863878,47.24415242,52.75584758,0.439473678,0.262187735,0.708502024,-0.873803511,52.20812481,0.661488685,-1.297108324,43.60130551,1.078853385,58.84907189,41.15092811
238,14.59050407,0.266707766,0.044203599,48.28556193,51.71443807,49.67371198,1.552671757,-0.150367347,31.99369437,68.00630563,-0.457751752,33.05570289,66.94429711,0.3913266,0.211157925,0.81092437,0.412539651,74.37647399,0.692203499,-0.057811426,63.9764419,-0.106163748,46.582579,53.417421
167,14.85633919,0.296563043,0.948338961,62.23119897,37.76880103,53.63745502,1.496462307,-0.353197863,28.68698939,71.31301061,-0.25243507,36.20633682,63.79366318,0.438283219,0.246829914,0.80239521,0.305420186,72.53041784,0.665332393,-1.142020466,46.15108696,0.595141099,53.84201068,46.15798932
112,14.86005738,0.197369205,-2.055641141,15.89696857,84.10303143,46.95347152,1.406887339,-0.676427088,23.41744854,76.58255146,-0.841133606,27.17261601,72.82738399,0.315083257,0.161597975,0.767857143,-0.128350451,65.05497955,0.738494388,1.809956898,94.68420405,-2.732068229,19.40099846,80.59900154
191,14.43335859,0.302887207,1.139859562,65.18526636,34.81473364,48.16492019,1.687981833,0.33789597,39.95375273,60.04624727,1.633312011,65.14357995,34.85642005,0.361290717,0.192894186,0.858638743,1.011794218,84.70379946,0.709441394,0.637711937,75.41146077,1.477755532,62.97823612,37.02176388
357,14.73588938,0.250487336,-0.447014909,40.7088701,59.2911299,51.85403874,1.421108283,-0.625111136,24.25404215,75.74595785,-0.42555811,33.54972209,66.45027791,0.351140271,0.19990542,0.851540616,0.922647388,83.16747687,0.712222044,0.749906991,77.25604662,-1.072126045,36.58359307,63.41640693
592,14.39742003,0.213712345,-1.560706502,23.53097906,76.46902094,45.61509123,1.842835591,0.896682216,49.06353217,50.93646783,-1.407104896,18.48765025,81.51234975,0.326829546,0.180784506,0.856418919,0.983914988,84.22333941,0.72806816,1.38927416,87.76780801,-0.664024286,40.80798543,59.19201457
188,14.55496711,0.222678066,-1.289189156,27.71893865,72.28106135,49.06175381,1.405081437,-0.682943645,23.31121042,76.68878958,-1.347549745,19.40153839,80.59846161,0.408107638,0.226056089,0.819148936,0.515833661,76.1566037,0.681880247,-0.47433925,57.12835632,-1.972132801,27.26733411,72.73266589
110,15.4465777,0.283902894,0.564939784,56.31754269,43.68245731,54.28764074,1.722691579,0.463145294,41.99566719,58.00433281,0.308598243,44.81552814,55.18447186,0.350047105,0.210562855,0.854545455,0.960385767,83.81784574,0.709976729,0.659311913,75.76658345,1.028085078,58.32355284,41.67644716
210,14.75689898,0.238767531,-0.801936784,35.2344557,64.7655443,49.3476581,1.222312467,-1.342461295,12.55922722,87.44077278,-1.80878493,12.32377338,87.67622662,0.360177131,0.215523965,0.79047619,0.15572679,69.95065874,0.7043564,0.432540007,72.03825288,-2.144398079,25.48416091,74.51583909
106,14.83569428,0.374865088,3.319633304,98.80670702,1.193292979,43.38256802,1.939286903,1.24472457,54.73759646,45.26240354,3.904792817,100,0,0.395385468,0.230044708,0.679245283,-1.241244902,45.87577953,0.686135167,-0.302659543,59.95092244,4.564357874,94.92864816,5.071351836
181,14.69034061,0.256000488,-0.280054958,43.28410714,56.71589286,50.07791496,2.161189638,2.045455516,67.79175153,32.20824847,0.252562595,43.95564762,56.04435238,0.413998883,0.241397832,0.685082873,-1.167929418,47.13927072,0.676024248,-0.710620066,53.24369085,1.765400558,65.95574216,34.04425784
262,14.50675946,0.289459279,0.733209012,58.91297438,41.08702562,46.87533541,1.954715135,1.30039699,55.6452127,44.3547873,-0.247787602,36.27765335,63.72234665,0.35098226,0.215554525,0.740458015,-0.472461692,59.1246972,0.708271127,0.590493409,74.63514642,2.033606002,68.73202283,31.26797717
144,14.8421079,0.191312552,-2.239060439,13.06785795,86.93214205,46.05052494,1.650022634,0.200921065,37.72067849,62.27932151,-1.735247346,13.45222533,86.54777467,0.371616149,0.206892264,0.784722222,0.083461527,68.70526667,0.701593438,0.321058632,70.20540055,-2.038139374,26.58407888,73.41592112
235,14.62856628,0.252667487,-0.380991368,41.72723568,58.27276432,45.2623854,1.33646747,-0.930535574,19.27476915,80.72523085,0.736149891,51.37641116,48.62358884,0.379502556,0.238844901,0.774468085,-0.045322276,66.48585555,0.690413548,-0.130033257,62.78905117,-1.311526942,34.1054775,65.8945225
121,15.4764726,0.223824014,-1.254485339,28.25422004,71.74577996,55.65483433,1.244173245,-1.263577175,13.84525912,86.15474088,-2.249640907,5.558732247,94.44126775,0.445767525,0.237482216,0.702479339,-0.949443648,50.90457144,0.664416211,-1.178987036,45.54332388,-2.518062514,21.61624034,78.38375966
605,14.78871624,0.257321199,-0.24005863,43.9010217,56.0989783,50.78139014,1.480622912,-0.410353959,27.75518509,72.24481491,-0.339731225,34.86675631,65.13324369,0.34860045,0.193526047,0.867768595,1.12645789,86.67986959,0.714941318,0.859625639,79.05991817,-0.650412589,40.94888448,59.05111552
465,15.0100285,0.2756885,0.316175579,52.48053393,47.51946607,53.02958537,1.45568823,-0.500330188,26.28832078,73.71167922,-0.120113877,38.2368374,61.7631626,0.36721348,0.207038637,0.858064516,1.00458238,84.57951338,0.703453775,0.39612045,71.43948317,-0.184154608,45.77527056,54.22472944
533,14.72383831,0.274859086,0.29105766,52.0931081,47.9068919,47.66834143,1.975260229,1.374533494,56.85384516,43.14615484,0.565730033,48.76127739,51.23872261,0.396694784,0.215429809,0.765478424,-0.158225267,64.54012832,0.688982162,-0.187787561,61.83951936,1.665591154,64.92258296,35.07741704
216,14.71859899,0.222305435,-1.300473863,27.54488016,72.45511984,46.54567881,1.556285103,-0.137328673,32.20626124,67.79373876,-0.32599505,35.07754122,64.92245878,0.371257744,0.218307898,0.777777778,-0.00375517,67.20220726,0.698965267,0.215015816,68.46196291,-1.437802537,32.79835827,67.20164173
167,14.69875232,0.234366993,-0.935202395,33.17892959,66.82107041,46.28568936,1.759654128,0.596523806,44.17011017,55.82988983,-0.125168109,38.15927899,61.84072101,0.336228873,0.190216136,0.868263473,1.132673164,86.78698126,0.721341661,1.117869945,83.30568283,-0.338678589,44.17574322,55.82425678
742,14.72053259,0.306257224,1.241916945,66.75942802,33.24057198,48.81243111,1.742339909,0.534045843,43.15154455,56.84845545,1.424414994,61.93800492,38.06199508,0.447995334,0.2614258,0.692722372,-1.071983389,48.79276812,0.658460576,-1.419288024,41.59256323,1.775962789,66.0650752,33.9349248
332,14.69825682,0.271688151,0.195029264,50.61193923,49.38806077,48.32342939,1.351885713,-0.874899199,20.18179775,79.81820225,-0.084096744,38.78952898,61.21047102,0.3957657,0.230211226,0.789156627,0.139154116,69.66505158,0.685941074,-0.310490939,59.82216737,-0.679869935,40.64396203,59.35603797
175,14.58553421,0.347589132,2.493609922,86.06589104,13.93410896,50.01956434,1.743891913,0.539646213,43.24284624,56.75715376,1.601841712,64.66066065,35.33933935,0.431240437,0.254379516,0.657142857,-1.518833784,41.09191823,0.666366005,-1.100315764,46.83674913,3.033256135,79.07972238,20.92027762
213,15.20461646,0.275612917,0.313886633,52.44522858,47.55477142,54.09889918,1.395013544,-0.719273407,22.71893365,77.28106635,-0.473843808,32.80876641,67.19123359,0.382371427,0.210273696,0.727699531,-0.632698108,56.36324369,0.696197138,0.103325945,66.62568272,-0.405386774,43.48522538,56.51477462
260,14.93845309,0.265579205,0.010026325,47.75840209,52.24159791,51.58113267,1.689965876,0.345055343,40.07047055,59.92952945,-0.318020305,35.19991561,64.80008439,0.379174682,0.216151971,0.815384615,0.468556787,75.34185202,0.696157058,0.101708809,66.59909558,0.355081668,51.35707843,48.64292157
197,14.83241396,0.223579985,-1.261875489,28.1402323,71.8597677,49.81553264,1.560295868,-0.122855919,32.44220764,67.55779236,-1.397913461,18.62869503,81.37130497,0.38259171,0.213843836,0.812182741,0.428343794,74.64883658,0.695265954,0.065754057,66.00796767,-1.384731408,33.34771457,66.65228543
610,14.65546734,0.279649017,0.436115633,54.33052291,45.66947709,47.0132093,1.520657639,-0.265889562,30.110359,69.889641,0.635865427,49.83752189,50.16247811,0.313412071,0.180615651,0.855737705,0.975359483,84.07589707,0.734359561,1.643122788,91.94130383,0.170226071,49.44357878,50.55642122
440,14.38480601,0.277351126,0.366526451,53.25715988,46.74284012,43.73051548,1.891974995,1.07400063,51.9543185,48.0456815,0.144904121,42.30360241,57.69639759,0.423532489,0.246214252,0.713636364,-0.809320294,53.31940406,0.671186345,-0.905822207,50.03439511,1.440527081,62.59287247,37.40712753
149,14.88660577,0.252916554,-0.373448619,41.84357715,58.15642285,48.84186935,1.387097083,-0.747839773,22.25322194,77.74677806,0.003347933,40.13138861,59.86861139,0.336759679,0.182237761,0.798657718,0.258480267,71.72147312,0.723114485,1.189400739,84.48171229,-1.121288392,36.07469782,63.92530218
231,14.55315328,0.275622612,0.314180228,52.44975706,47.55024294,48.32355443,1.644293861,0.18024892,37.38366468,62.61633532,-0.182908567,37.27323776,62.72676224,0.393753907,0.23724472,0.744588745,-0.420583018,60.01875454,0.685070689,-0.345609642,59.24478486,0.494429148,52.79950894,47.20049106
116,15.47439489,0.23862665,-0.806203201,35.16864928,64.83135072,49.32604828,1.376367802,-0.786556141,21.6220368,78.3779632,-0.621706745,30.53977404,69.46022596,0.397445403,0.205727767,0.74137931,-0.460890959,59.32410281,0.690830016,-0.113229388,63.06532162,-1.592759342,31.19435061,68.80564939
176,14.87806635,0.279005438,0.416625535,54.02990218,45.97009782,44.55452557,2.074876972,1.733998234,62.71412629,37.28587371,-1.43068701,18.12577703,81.87422297,0.426892906,0.231051054,0.596590909,-2.279318071,27.98602106,0.673215141,-0.823963313,51.38022769,2.150623769,69.94331132,30.05668868
154,14.76436179,0.288992672,0.719078312,58.69501851,41.30498149,48.33713748,1.453426579,-0.508491306,26.15527172,73.84472828,0.767713367,51.86076029,48.13923971,0.4062427,0.277628546,0.727272727,-0.638058418,56.27086616,0.67021995,-0.944814814,49.3933222,0.210587007,49.86136778,50.13863222
379,14.86916981,0.230477247,-1.052999231,31.36199819,68.63800181,47.94410622,1.476829235,-0.424043354,27.53200964,72.46799036,-1.078730308,23.5266374,76.4733626,0.401644527,0.214243727,0.791556728,0.169297484,70.18453093,0.687184716,-0.260311834,60.64715621,-1.477042586,32.39217192,67.60782808
405,14.79356327,0.342319994,2.334039677,83.60463488,16.39536512,50.2531841,2.013328405,1.511901637,59.09333028,40.90666972,1.188196016,58.31316781,41.68683219,0.378805302,0.225136658,0.750617284,-0.344869361,61.32357494,0.694126994,0.01979874,65.25242163,3.845941313,87.49208764,12.50791236
910,14.38923633,0.267517515,0.068725988,48.66380213,51.33619787,49.11984565,1.736287523,0.512205946,42.79549311,57.20450689,-0.113736572,38.33469869,61.66530131,0.414464674,0.232154682,0.72967033,-0.607946439,56.78980455,0.67794106,-0.633279549,54.51523731,0.580931935,53.69492706,46.30507294
304,14.18425156,0.278365369,0.39724172,53.73092078,46.26907922,46.16664702,1.871220011,0.999106744,50.73333859,49.26666141,0.788246357,52.17584397,47.82415603,0.346143521,0.185437701,0.819078947,0.514954657,76.14145528,0.718036824,0.984524697,81.11336908,1.396348464,62.13556541,37.86443459
380,14.22131035,0.275314529,0.304850281,52.30584934,47.69415066,45.44165773,1.690383033,0.346560643,40.09501114,59.90498886,1.345984537,60.73447067,39.26552933,0.34969733,0.214616261,0.784210526,0.077035033,68.59451492,0.7090676,0.622629915,75.16349899,0.651410923,54.42447771,45.57552229
498,14.72383086,0.245456562,-0.599366561,38.35895555,61.64104445,47.05384856,1.510098629,-0.303991508,29.48919066,70.51080934,-0.054004607,39.25130008,60.74869992,0.350662133,0.199058136,0.821285141,0.542662688,76.61896496,0.712645554,0.766994988,77.53698838,-0.903358069,38.33056459,61.66943541
192,14.65766494,0.229067908,-1.095679566,30.70368476,69.29631524,50.1449199,1.410490721,-0.663424366,23.62942929,76.37057071,-0.830744637,27.33203724,72.66796276,0.39699091,0.205776196,0.833333333,0.693978403,79.22668248,0.691012035,-0.105885219,63.18606626,-1.759103932,29.47246435,70.52753565
333,14.94621213,0.255303243,-0.301170298,42.95841823,57.04158177,48.31286906,1.348482475,-0.887179705,19.98159113,80.01840887,-0.724995061,28.95478995,71.04521005,0.359276118,0.211530522,0.807807808,0.373398113,73.7019236,0.705754831,0.488964597,72.96592301,-1.188350003,35.38052156,64.61947844
133,15.06908162,0.279888039,0.443354184,54.44217235,45.55782765,49.73017649,1.718719779,0.448813144,41.76201304,58.23798696,0.772386491,51.9324705,48.0675295,0.459454827,0.249200444,0.654135338,-1.556605827,40.4409692,0.656734654,-1.488926404,40.44764672,0.892167328,56.91662457,43.08337543
408,14.46462913,0.242028317,-0.703187325,36.757595,63.242405,44.71094393,1.796068737,0.72792509,46.31231879,53.68768121,0.158744628,42.51598832,57.48401168,0.396011126,0.212513111,0.718137255,-0.752792681,54.29357946,0.68992675,-0.149674826,62.46612641,0.024737765,47.9375826,52.0624174
125,14.66582797,0.251252975,-0.423828365,41.06650584,58.93349416,47.85289397,1.653679979,0.214118511,37.93583379,62.06416621,-0.382476501,34.21081975,65.78918025,0.401191249,0.245326191,0.736,-0.528450816,58.1598019,0.680154323,-0.543977687,55.98343887,-0.209709854,45.51074001,54.48925999
122,14.82982101,0.285760838,0.621205651,57.18540317,42.81459683,49.17748987,1.743432446,0.537988237,43.2158166,56.7841834,1.214874018,58.72254817,41.27745183,0.379523768,0.204687862,0.762295082,-0.19820551,63.85112401,0.698713249,0.204847298,68.29478348,1.159193888,59.68070224,40.31929776
185,14.74418143,0.232141713,-1.002592649,32.13948344,67.86051656,50.73802351,1.682813734,0.319247002,39.64972237,60.35027763,-0.945098064,25.57725636,74.42274364,0.353264838,0.191181096,0.837837838,0.750551395,80.20163993,0.713429957,0.798644482,78.05733405,-0.683345647,40.60798382,59.39201618
214,14.02179284,0.257674385,-0.229362779,44.0659975,55.9340025,46.68693487,2.165306457,2.060310963,68.0339369,31.9660631,-0.38358011,34.1938846,65.8061154,0.398092533,0.22337177,0.780373832,0.028849203,67.76409863,0.686587551,-0.284406547,60.25101782,1.830948184,66.63424668,33.36575332
256,14.31268262,0.28342436,0.550447897,56.09401577,43.90598423,46.08794182,2.034064773,1.586728345,60.31321502,39.68678498,0.709862637,50.9730269,49.0269731,0.405798968,0.217806466,0.73828125,-0.499800132,58.65355692,0.684670449,-0.361758756,58.97927914,2.137176243,69.80411166,30.19588834
487,14.78284544,0.225723606,-1.196958211,29.14153458,70.85846542,49.60442746,1.188175751,-1.465642853,10.55102313,89.44897687,-1.278193537,20.4658261,79.5341739,0.386578537,0.22267718,0.802874743,0.311442748,72.63420839,0.691502846,-0.086081706,63.51165352,-2.662601064,20.1200754,79.8799246
228,14.1777942,0.293842702,0.865956326,60.96050614,39.03949386,48.67265421,1.824274928,0.829706484,47.97164033,52.02835967,-1.293257413,20.23466731,79.76533269,0.578402428,0.354748581,0.565789474,-2.666159591,21.31934132,0.595761225,-3.949113277,0,1.695662811,65.23386434,34.76613566
111,14.94465829,0.250820357,-0.436929732,40.86442669,59.13557331,51.54485831,1.057409338,-1.937510466,2.858260637,97.14173936,0.014500038,40.30252035,59.69747965,0.394800317,0.240981599,0.801801802,0.297967456,72.40198033,0.683743919,-0.39914285,58.36465159,-2.374440198,23.10292106,76.89707894
320,14.804361,0.254720105,-0.318829995,42.6860301,57.3139699,50.5868857,1.473191315,-0.437170706,27.31799707,72.68200293,-0.411703061,33.76233114,66.23766886,0.368124559,0.197962456,0.775,-0.038641849,66.6009835,0.705230026,0.467789498,72.61778567,-0.756000701,39.85590802,60.14409198
228,14.90199821,0.329621949,1.949492858,77.67327707,22.32672293,52.18350134,1.75645279,0.584971851,43.98178097,56.01821903,1.324842632,60.41004304,39.58995696,0.448995693,0.212893837,0.73245614,-0.572958874,57.39276696,0.66804222,-1.032682994,47.94869165,2.534464709,73.91657215,26.08342785
112,14.85177586,0.260844572,-0.133357008,45.5468174,54.4531826,49.02873115,1.287375526,-1.107682731,16.38677479,83.61322521,-1.065047285,23.73660668,76.26339332,0.350043699,0.170260797,0.821428571,0.544464066,76.65000922,0.719810341,1.056083473,82.28985861,-1.24103974,34.83511317,65.16488683
308,14.57573997,0.236620085,-0.866969884,34.23136695,65.76863305,45.98369161,1.811342497,0.783040105,47.21084776,52.78915224,-1.080413211,23.50081285,76.49918715,0.372054547,0.20157412,0.779220779,0.01436778,67.5145313,0.702666159,0.364341317,70.91700614,-0.083929779,46.81272996,53.18727004
108,14.72179197,0.292749285,0.832843364,60.44976254,39.55023746,49.63250971,1.694603278,0.3617893,40.34328088,59.65671912,-1.069780837,23.66396918,76.33603082,0.468488161,0.290689524,0.564814815,-2.678400531,21.10838562,0.644601849,-1.978466971,32.3991671,1.194632665,60.0475404,39.9524596
110,14.7422262,0.283832559,0.562809778,56.28468888,43.71531112,49.77116128,1.513805447,-0.29061554,29.70725638,70.29274362,0.365995222,45.6962986,54.3037014,0.337703211,0.202084004,0.872727273,1.188734936,87.75312854,0.717591892,0.96657238,80.81821711,0.272194239,50.49908403,49.50091597
106,14.66229097,0.251929531,-0.403339561,41.38253089,58.61746911,49.54453851,2.276366482,2.461068523,74.56740655,25.43259345,-0.401222351,33.92316016,66.07683984,0.460680476,0.245341652,0.641509434,-1.71517714,37.70821146,0.657057092,-1.475916498,40.66154107,2.057728962,68.98172734,31.01827266
228,14.54569814,0.248066578,-0.520324996,39.57811479,60.42188521,49.33760718,1.541309906,-0.191366329,31.32529624,68.67470376,-0.787835401,27.9904898,72.0095102,0.422463074,0.218206528,0.692982456,-1.068716938,48.84906089,0.677741728,-0.641322311,54.3830072,-0.711691325,40.31456861,59.68543139
115,14.31540365,0.271796676,0.198315831,50.66263215,49.33736785,42.90923088,1.82717706,0.840178762,48.14236777,51.85763223,-0.84069151,27.17940008,72.82059992,0.492826137,0.311638047,0.617391304,-2.018081657,32.48807013,0.631675367,-2.500031229,23.82418969,1.038494593,58.43130508,41.56869492
225,14.90220078,0.282463269,0.521342291,55.64508274,44.35491726,47.47595924,1.891833977,1.073491771,51.94602269,48.05397731,-0.613414238,30.66702456,69.33297544,0.493715356,0.259944161,0.568888889,-2.627233402,21.99018046,0.641862619,-2.088990821,30.58205731,1.594834062,64.19015358,35.80984642
219,14.9631094,0.224157169,-1.244396079,28.40983962,71.59016038,50.68884703,1.635213135,0.147481328,36.84946124,63.15053876,-1.660307351,14.60219761,85.39780239,0.401587904,0.23485869,0.748858447,-0.366958947,60.9428914,0.682490465,-0.449717838,57.53315409,-1.096914751,36.32699722,63.67300278
149,14.91121185,0.293828076,0.8655134,60.95367433,39.04632567,47.23181631,1.544070408,-0.181405119,31.48769184,68.51230816,1.427472826,61.98492808,38.01507192,0.373664026,0.216032611,0.805369128,0.342770229,73.17409428,0.698509907,0.196642753,68.15989352,0.684108281,54.76293856,45.23706144
142,14.72265686,0.277318095,0.365526128,53.24173061,46.75826939,51.41826178,1.480364293,-0.411287178,27.73997101,72.26002899,-0.256882282,36.13809328,63.86190672,0.391723095,0.189598163,0.830985915,0.664496702,78.71860606,0.696769563,0.126422453,67.00540972,-0.045761049,47.20782674,52.79217326
539,14.06861646,0.304597029,1.191639716,65.98393796,34.01606204,46.22416296,1.971423447,1.360688554,56.6281339,43.3718661,1.111846078,57.14155963,42.85844037,0.373336548,0.203877001,0.812615955,0.433784621,74.74260174,0.701568536,0.320053873,70.18888141,2.55232827,74.10148361,25.89851639
241,14.52794623,0.234221487,-0.939608888,33.1109626,66.8890374,48.52455134,1.422938756,-0.618505918,24.36172569,75.63827431,-0.774110415,28.20110302,71.79889698,0.369000436,0.201912149,0.842323651,0.806889645,81.17255191,0.703912911,0.414645881,71.74405763,-1.558114806,31.55296733,68.44703267
381,14.65830284,0.261862712,-0.102523734,46.02239845,53.97760155,45.46280085,1.706010694,0.402952702,41.01435951,58.98564049,0.198346806,43.12369328,56.87630672,0.394377948,0.226163326,0.682414698,-1.20143957,46.5617695,0.687462443,-0.249105944,60.83139095,0.300428968,50.79135078,49.20864922
249,14.462175,0.320300637,1.667206819,73.31921813,26.68078187,46.50489943,1.90343819,1.115365308,52.6286785,47.3713215,0.639327466,49.89064773,50.10935227,0.468674476,0.260033055,0.62248996,-1.954046601,33.59162595,0.651050779,-1.718262267,36.67716243,2.782572126,76.4848117,23.5151883
253,15.08291024,0.259064515,-0.187264158,44.71533842,55.28466158,49.74308309,2.044196242,1.623287519,60.90923184,39.09076816,-0.494827852,32.48676121,67.51323879,0.372079287,0.20785742,0.711462451,-0.836622913,52.84888112,0.701163204,0.303699302,69.91999781,1.436023361,62.54625301,37.45374699
201,14.81403824,0.231027895,-1.036323429,31.61921044,68.38078956,47.9382955,1.434107494,-0.578203781,25.0187633,74.9812367,-1.103762314,23.14251524,76.85748476,0.324157354,0.201880777,0.865671642,1.100121825,86.22600387,0.723650805,1.211040471,84.83748862,-1.61452721,30.96902443,69.03097557
191,14.37032019,0.315032902,1.507679056,70.85861725,29.14138275,46.24783497,1.803460365,0.75459761,46.7471555,53.2528445,1.646239194,65.34195069,34.65804931,0.430336796,0.233902389,0.748691099,-0.369060705,60.9066705,0.671232857,-0.903945553,50.06524897,2.262276666,71.09906631,28.90093369
175,14.84039675,0.261434503,-0.115491582,45.82237874,54.17762126,48.57026415,1.631860971,0.135385121,36.65225921,63.34774079,-0.343658943,34.80648452,65.19351548,0.403078121,0.232802356,0.702857143,-0.94469873,50.98634355,0.682371643,-0.45451214,57.45433153,0.019893539,47.88743846,52.11256154
473,14.92930349,0.245384541,-0.601547656,38.32531373,61.67468627,49.32802391,1.531312857,-0.227440449,30.73718714,69.26281286,-0.070453517,38.99888759,61.00111241,0.35290934,0.198999849,0.824524313,0.583344115,77.32005322,0.711668156,0.727558465,76.8886171,-0.828988105,39.10039196,60.89960804
165,14.72816054,0.280276016,0.45510363,54.62339908,45.37660092,49.09148488,1.581347717,-0.046890803,33.6806516,66.3193484,0.295550289,44.61530414,55.38469586,0.393901377,0.223633305,0.824242424,0.579803818,77.25904108,0.688251558,-0.217266327,61.3548624,0.408212827,51.90705612,48.09294388
148,14.90121648,0.296043596,0.932608075,61.98856137,38.01143863,51.54764535,2.708685694,4.021082518,100,0,-1.503280515,17.01181222,82.98818778,0.490628353,0.276240477,0.567567568,-2.643828147,21.70419295,0.639774916,-2.173226516,29.19714804,4.953690593,98.95875616,1.041243837
103,14.58957364,0.278878669,0.412786468,53.97068733,46.02931267,48.53565935,1.402160173,-0.693484958,23.13935753,76.86064247,-0.040413071,39.45986547,60.54013453,0.355826753,0.211788757,0.883495146,1.323970851,90.08373291,0.707170604,0.546088953,73.90509792,-0.28069849,44.77591384,55.22408616
104,14.39320377,0.218107609,-1.427600573,25.58404218,74.41595782,46.15280693,2.251277215,2.370534477,73.09144826,26.90855174,-2.000739901,9.378178138,90.62182186,0.41164017,0.226293397,0.798076923,0.251185943,71.59576552,0.680392123,-0.534382802,56.14118725,0.942933904,57.4421257,42.5578743
306,14.63804963,0.244716175,-0.621788396,38.01311489,61.98688511,45.00879467,1.688040174,0.33810649,39.9571848,60.0428152,0.008210848,40.20601122,59.79398878,0.406002983,0.220770638,0.718954248,-0.742531894,54.47040998,0.683926648,-0.391769996,58.48586784,-0.283681905,44.74503155,55.25496845
215,14.74162277,0.267051177,0.054603426,48.44597178,51.55402822,49.34287289,1.674131803,0.287918452,39.13897933,60.86102067,-0.29155987,35.60595735,64.39404265,0.403323938,0.218566929,0.744186047,-0.425640586,59.93159434,0.685523474,-0.327340457,59.5451464,0.342521878,51.227068,48.772932
214,14.92805107,0.239233111,-0.787837175,35.45193201,64.54806799,50.5248899,1.863136292,0.969936828,50.25778734,49.74221266,-0.602145828,30.83994102,69.16005898,0.36020436,0.190674131,0.785046729,0.087537073,68.77550309,0.710450123,0.678412638,76.08061626,0.182099653,49.56648604,50.43351396
120,14.31136104,0.284682282,0.588542718,56.68160096,43.31839904,44.5756965,1.833873914,0.864344208,48.53633215,51.46366785,-1.215143561,21.43334318,78.56665682,0.444972762,0.259479528,0.725,-0.666602064,55.77895581,0.660021437,-1.356309615,42.62798395,1.452886926,62.72081319,37.27918681
160,15.03483846,0.287333014,0.668817326,57.91977899,42.08022101,50.55767815,1.492439161,-0.367715295,28.45031462,71.54968538,0.098637201,41.59362538,58.40637462,0.42371933,0.229654471,0.7125,-0.823592118,53.07344889,0.674784972,-0.760623001,52.42159841,0.301102031,50.79831787,49.20168213
111,14.4638854,0.266090436,0.025508392,47.99720183,52.00279817,47.43654032,1.803204809,0.753675445,46.73212163,53.26787837,0.953902539,54.71787798,45.28212202,0.417619212,0.241038365,0.657657658,-1.5123683,41.20334194,0.674678231,-0.764929845,52.35079009,0.779183837,55.74709617,44.25290383
105,14.48835734,0.195103838,-2.124245375,14.83879766,85.16120234,47.91874019,1.502368936,-0.33188393,29.03446615,70.96553385,-2.325868673,4.388998814,95.61100119,0.408157269,0.210330811,0.80952381,0.394949729,74.07333596,0.685324014,-0.335388387,59.41283131,-2.456129304,22.25733088,77.74266912
107,14.85345414,0.248125573,-0.518538405,39.60567166,60.39432834,47.85818138,1.755284798,0.580757179,43.91307002,56.08692998,-0.387975254,34.12644006,65.87355994,0.415808182,0.228534836,0.775700935,-0.029838668,66.75269417,0.678208423,-0.622491842,54.69259675,0.062218774,48.32556056,51.67443944
109,14.5482618,0.277966018,0.385147807,53.54438088,46.45561912,45.03046049,1.710815492,0.420290704,41.29701745,58.70298255,1.922877115,69.58702622,30.41297378,0.382966899,0.214195196,0.76146789,-0.208594384,63.6720861,0.695024849,0.056025827,65.84802696,0.80543851,56.01886672,43.98113328
136,14.89154309,0.226344862,-1.178144113,29.43172849,70.56827151,51.36926284,1.408388164,-0.671011395,23.50573949,76.49426051,-1.877978886,11.26197547,88.73802453,0.429502699,0.261288855,0.713235294,-0.814357408,53.23259636,0.665452463,-1.137175801,46.23073754,-1.849155508,28.54031156,71.45968844
158,14.31410711,0.231229034,-1.030232143,31.71316414,68.28683586,48.92449822,2.120241254,1.897694207,65.38282872,34.61717128,-1.692203185,14.11274835,85.88725165,0.434618424,0.25535281,0.670886076,-1.346229892,44.06650812,0.664857557,-1.161179379,45.8360975,0.867462064,56.66089244,43.33910756
320,14.84917326,0.220233746,-1.363212766,26.57717776,73.42282224,50.74555776,1.235536219,-1.294743689,13.33715774,86.66284226,-1.812365641,12.26882651,87.73117349,0.404173554,0.221622538,0.725,-0.666602064,55.77895581,0.684487185,-0.369153181,58.85770826,-2.657956455,20.16815324,79.83184676
138,15.09973989,0.199460353,-1.992312952,16.8737603,83.1262397,51.37301546,1.543680124,-0.182813449,31.46473211,68.53526789,-1.856093847,11.59780666,88.40219334,0.39138123,0.21068134,0.644927536,-1.672248495,38.44802741,0.692288806,-0.054369418,64.03303155,-2.175126402,25.16608217,74.83391783
126,14.73166645,0.275085972,0.297928668,52.19908846,47.80091154,52.24223441,2.146268522,1.991613011,66.91396803,33.08603197,-0.647209322,30.14843085,69.85156915,0.471492703,0.272295662,0.666666667,-1.399222315,43.15325684,0.647470255,-1.862731063,34.30196772,2.289541679,71.38129521,28.61870479
189,14.74660365,0.218579921,-1.413297127,25.80466255,74.19533745,50.04904502,2.244420471,2.345792075,72.68807786,27.31192214,-1.68082603,14.28733352,85.71266648,0.468177045,0.231000359,0.62962963,-1.86437803,35.13694003,0.657002559,-1.47811684,40.6253655,0.932494948,57.33406871,42.66593129
123,15.01486325,0.209166884,-1.698360961,21.40775813,78.59224187,50.56509059,1.082412148,-1.847288396,4.329132841,95.67086716,-1.679992585,14.30012295,85.69987705,0.380617483,0.227672148,0.837398374,0.745032079,80.10652213,0.692754145,-0.035593668,64.34172148,-3.545649357,10.97935894,89.02064106